ips_1,ips_2,ips_3,ips_4,ips_5,ips_6,ips_7,jumlah_sks,umur,jenis_kelamin,asal_sekolah,organisasi,beasiswa,jumlah_tanggungan,penghasilan_ortu,status_kelulusan
2.12,1.56,1.79,3.02,2.72,2.18,2.94,150,24.0,Perempuan,SMK,Ya,Tidak,3,5-10jt,Drop Out
3.85,2.63,1.74,3.39,3.42,2.42,1.52,116,28.0,Laki-laki,SMK,Ya,Ya,4,>10jt,Lulus Terlambat
3.2,3.62,3.72,1.75,3.28,3.56,3.62,86,21.0,Laki-laki,SMA,Tidak,Ya,2,2-5jt,Lulus Terlambat
2.8,3.2,1.75,2.87,1.46,2.02,2.84,134,18.0,Perempuan,SMA,Tidak,Tidak,5,>10jt,Lulus Terlambat
1.47,3.42,1.82,2.72,1.45,3.61,1.47,64,25.0,Laki-laki,SMK,Ya,Tidak,2,2-5jt,Drop Out
1.47,2.98,3.28,3.5,1.8,1.26,3.89,130,19.0,Laki-laki,SMA,Tidak,Ya,1,2-5jt,Lulus Terlambat
1.17,3.08,2.35,3.72,2.08,3.33,2.56,142,20.0,Laki-laki,MA,Ya,Ya,1,2-5jt,Lulus Tepat Waktu
3.6,3.55,3.33,1.04,2.23,3.54,1.22,116,22.0,Laki-laki,MA,Ya,Tidak,4,5-10jt,Lulus Tepat Waktu
2.8,1.75,1.2,3.02,3.04,1.55,2.88,152,20.0,Perempuan,MA,Ya,Tidak,5,<2jt,Lulus Terlambat
3.12,2.47,2.46,1.16,1.17,2.29,1.76,74,24.0,Laki-laki,SMK,Tidak,Ya,2,<2jt,Lulus Terlambat
1.06,1.66,,2.65,1.1,1.5,3.41,158,24.0,Perempuan,SMK,Tidak,Tidak,5,5-10jt,Lulus Terlambat
3.91,3.96,1.19,1.86,2.18,3.12,3.45,135,19.0,Perempuan,SMA,Ya,Ya,0,>10jt,Lulus Tepat Waktu
3.5,3.83,3.72,1.92,3.09,2.61,3.94,89,24.0,Laki-laki,SMA,Ya,Ya,3,5-10jt,Lulus Terlambat
1.64,1.12,1.42,2.06,1.58,2.91,2.51,79,28.0,Perempuan,SMA,Tidak,Ya,2,>10jt,Drop Out
1.55,3.12,2.6,2.86,2.92,1.59,2.36,96,23.0,Perempuan,MA,Ya,Tidak,5,2-5jt,Lulus Terlambat
1.55,3.78,2.23,2.0,1.78,1.64,3.26,62,27.0,Laki-laki,MA,Tidak,Ya,0,5-10jt,Drop Out
1.91,1.54,2.04,3.2,3.66,1.12,1.4,132,26.0,Perempuan,MA,Ya,Ya,0,<2jt,Lulus Terlambat
2.57,2.7,3.7,2.21,3.69,1.97,2.64,100,26.0,Perempuan,MA,Ya,Tidak,3,>10jt,Lulus Terlambat
2.3,3.75,1.07,1.21,1.89,2.68,2.64,98,19.0,Laki-laki,SMA,Tidak,Tidak,0,5-10jt,Drop Out
1.87,1.1,,3.35,1.69,3.57,1.27,85,24.0,Laki-laki,SMK,Tidak,Tidak,4,5-10jt,Drop Out
2.84,3.09,3.89,1.86,2.23,3.0,2.25,61,22.0,Laki-laki,SMK,Tidak,Ya,0,>10jt,Lulus Terlambat
1.42,1.89,2.68,2.3,1.72,2.31,3.56,82,23.0,Laki-laki,MA,Tidak,Tidak,5,2-5jt,Lulus Terlambat
1.88,3.77,3.81,3.06,3.02,3.86,3.57,82,18.0,Laki-laki,SMK,Tidak,Tidak,4,2-5jt,Lulus Terlambat
2.1,3.91,1.16,2.0,3.48,3.16,1.3,144,24.0,Perempuan,SMK,Ya,Ya,0,2-5jt,Lulus Tepat Waktu
2.37,3.83,2.26,1.17,3.02,3.79,1.27,75,23.0,Perempuan,SMK,Ya,Ya,1,2-5jt,Lulus Tepat Waktu
3.36,2.42,1.78,2.12,3.47,2.58,1.79,68,21.0,Laki-laki,MA,Tidak,Ya,0,>10jt,Drop Out
1.6,3.59,3.19,3.83,2.19,1.78,3.62,72,18.0,Laki-laki,SMA,Tidak,Ya,4,<2jt,Lulus Terlambat
2.54,3.53,3.94,2.93,1.47,1.16,1.39,87,26.0,Perempuan,SMA,Ya,Tidak,0,,Drop Out
2.78,1.96,1.77,3.01,3.21,3.18,3.16,86,21.0,Laki-laki,SMK,Ya,Ya,0,5-10jt,Lulus Tepat Waktu
1.14,3.49,2.96,2.9,2.08,1.36,1.3,110,19.0,Laki-laki,SMA,Tidak,Tidak,0,2-5jt,Lulus Terlambat
2.82,1.11,1.59,1.6,3.01,1.91,2.87,123,25.0,Perempuan,SMA,Tidak,Ya,4,>10jt,Lulus Terlambat
1.51,2.79,2.7,2.26,1.81,2.6,2.07,111,19.0,Perempuan,MA,Ya,Ya,0,<2jt,Drop Out
1.2,1.69,2.39,3.25,1.24,2.69,3.37,140,22.0,Perempuan,MA,Tidak,Tidak,3,<2jt,Lulus Terlambat
3.85,1.36,3.92,1.3,3.98,2.8,1.7,97,28.0,Laki-laki,SMK,Ya,Tidak,5,,Lulus Terlambat
3.9,1.23,2.83,1.83,1.47,1.5,2.92,159,23.0,Perempuan,SMK,Ya,Tidak,3,2-5jt,Lulus Tepat Waktu
3.43,3.09,2.05,1.83,3.97,2.14,1.71,124,28.0,Laki-laki,SMK,Tidak,Ya,4,5-10jt,Lulus Tepat Waktu
1.91,2.02,1.34,2.3,3.93,2.85,3.14,77,25.0,Perempuan,MA,Ya,Ya,1,5-10jt,Drop Out
1.29,3.17,1.45,3.94,3.38,3.91,3.62,122,28.0,Laki-laki,SMA,Ya,Tidak,3,<2jt,Lulus Terlambat
3.05,1.2,1.68,1.2,2.98,3.18,1.38,110,18.0,Laki-laki,MA,Ya,Tidak,5,>10jt,Drop Out
2.32,1.95,1.75,2.56,2.73,3.77,3.6,68,18.0,Laki-laki,MA,Tidak,Ya,2,<2jt,Drop Out
1.37,2.62,3.55,1.54,3.6,3.29,2.78,72,29.0,Perempuan,SMA,Ya,Tidak,5,5-10jt,Lulus Terlambat
2.49,3.37,2.68,3.91,1.87,2.78,1.38,99,21.0,Perempuan,SMA,Tidak,Tidak,3,2-5jt,Lulus Terlambat
1.1,1.96,2.57,1.34,2.4,1.58,2.28,114,22.0,Perempuan,SMK,Ya,Ya,2,2-5jt,Lulus Terlambat
3.73,2.88,1.34,2.21,2.86,3.0,1.48,138,26.0,Laki-laki,SMA,Ya,Tidak,4,>10jt,Lulus Tepat Waktu
1.78,3.66,3.58,3.21,2.23,2.87,3.1,102,28.0,Perempuan,SMA,Ya,Ya,5,>10jt,Lulus Tepat Waktu
2.99,2.85,3.17,3.11,2.28,2.81,3.28,103,24.0,Perempuan,SMA,Ya,Ya,1,>10jt,Lulus Tepat Waktu
1.94,1.7,1.2,2.27,1.99,2.47,1.32,127,24.0,Laki-laki,SMA,Ya,Ya,2,5-10jt,Drop Out
2.56,1.07,3.12,2.04,2.69,2.59,2.52,92,25.0,Laki-laki,SMK,Tidak,Tidak,2,5-10jt,Lulus Terlambat
2.64,3.61,2.63,2.19,3.55,2.0,3.44,83,22.0,Perempuan,SMK,Tidak,Tidak,5,>10jt,Drop Out
1.55,1.06,1.25,1.79,1.6,2.56,3.81,95,22.0,Perempuan,SMA,Ya,Tidak,3,2-5jt,Lulus Terlambat
3.91,3.62,2.37,1.62,3.8,1.59,2.54,69,18.0,Perempuan,SMA,Tidak,Tidak,2,2-5jt,Lulus Terlambat
3.33,2.59,2.45,2.45,3.07,3.42,3.85,159,26.0,Laki-laki,SMK,Tidak,Ya,4,2-5jt,Lulus Tepat Waktu
3.82,3.82,1.5,1.81,3.47,1.56,2.61,79,23.0,Perempuan,SMK,Ya,Ya,5,5-10jt,Lulus Terlambat
3.68,3.4,3.84,1.86,2.67,1.25,2.18,134,26.0,Laki-laki,SMA,Tidak,Tidak,4,<2jt,Lulus Terlambat
2.79,3.99,3.55,2.97,3.34,2.31,3.54,71,20.0,Laki-laki,MA,Tidak,Tidak,5,2-5jt,Lulus Terlambat
3.77,2.05,3.01,3.91,1.05,2.97,2.48,121,22.0,Perempuan,SMK,Tidak,Tidak,4,2-5jt,Lulus Terlambat
1.27,3.3,2.39,2.81,3.46,2.31,2.42,77,19.0,Perempuan,SMK,Tidak,Tidak,3,2-5jt,Drop Out
1.59,2.21,2.24,1.23,1.12,1.83,2.47,153,27.0,Laki-laki,SMK,Ya,Ya,5,>10jt,Lulus Terlambat
1.14,2.44,2.95,1.23,3.67,2.67,3.54,122,22.0,Laki-laki,SMA,Tidak,Tidak,1,5-10jt,Lulus Terlambat
1.98,2.88,2.64,3.85,3.98,2.04,3.5,143,25.0,Perempuan,SMA,Ya,Ya,3,>10jt,Lulus Tepat Waktu
2.17,3.62,1.19,1.89,1.88,3.8,2.21,84,28.0,Perempuan,SMK,Ya,Tidak,4,>10jt,Drop Out
1.81,3.95,2.54,1.28,1.63,3.77,2.0,71,19.0,Perempuan,SMA,Tidak,Tidak,5,<2jt,Drop Out
3.49,3.3,3.42,2.8,3.3,2.51,2.48,80,25.0,Laki-laki,SMA,Ya,Tidak,3,>10jt,Lulus Terlambat
2.07,2.25,2.38,2.87,1.76,1.98,2.72,84,21.0,Laki-laki,SMK,Tidak,Ya,4,<2jt,Drop Out
1.84,2.26,1.16,2.95,3.6,3.21,1.72,70,27.0,Perempuan,SMA,Ya,Tidak,0,>10jt,Lulus Terlambat
2.63,3.21,3.36,1.8,1.31,1.11,3.38,123,27.0,Laki-laki,MA,Tidak,Ya,0,2-5jt,Lulus Terlambat
1.42,1.72,1.6,1.05,1.38,2.42,2.46,132,18.0,Laki-laki,SMA,Tidak,Ya,2,5-10jt,Lulus Terlambat
3.41,1.33,1.78,3.9,3.94,2.01,2.0,109,22.0,Perempuan,SMA,Ya,Tidak,1,>10jt,Drop Out
1.22,2.06,1.49,1.75,3.02,3.76,1.32,121,18.0,Laki-laki,SMK,Tidak,Ya,0,<2jt,Drop Out
3.96,1.86,1.99,3.03,3.54,1.04,1.72,148,24.0,Perempuan,SMK,Tidak,Ya,4,5-10jt,Drop Out
3.32,1.89,3.27,3.12,1.97,2.66,3.85,158,25.0,Perempuan,MA,Tidak,Ya,3,<2jt,Lulus Tepat Waktu
1.6,1.7,2.56,2.83,3.03,3.22,1.92,155,20.0,Laki-laki,SMA,Tidak,Tidak,5,2-5jt,Lulus Tepat Waktu
1.02,1.13,1.61,1.94,2.78,2.46,1.51,108,20.0,Laki-laki,MA,Ya,Ya,3,>10jt,Lulus Terlambat
3.45,1.05,3.63,1.81,2.81,1.26,2.38,73,24.0,Perempuan,MA,Ya,Ya,2,5-10jt,Lulus Terlambat
3.12,3.96,3.64,2.79,3.05,3.92,1.92,60,21.0,Laki-laki,SMK,Ya,Tidak,3,2-5jt,Drop Out
3.19,2.28,3.61,3.6,2.73,2.55,1.11,140,20.0,Perempuan,SMA,Tidak,Tidak,0,>10jt,Lulus Tepat Waktu
3.31,2.15,1.72,3.84,2.29,2.84,1.97,84,25.0,Laki-laki,SMK,Ya,Ya,3,>10jt,Lulus Terlambat
1.22,3.04,2.35,1.32,1.83,1.71,2.63,118,20.0,Laki-laki,MA,Tidak,Ya,0,<2jt,Lulus Terlambat
2.08,1.65,3.95,1.46,3.31,2.45,2.66,131,24.0,Laki-laki,MA,Tidak,Ya,0,<2jt,Lulus Tepat Waktu
1.35,3.85,3.32,3.83,1.68,2.29,2.07,128,19.0,Perempuan,SMK,Tidak,Ya,1,2-5jt,Lulus Tepat Waktu
3.59,3.36,1.08,3.21,3.08,1.22,2.34,64,28.0,Laki-laki,SMK,Ya,Tidak,2,<2jt,Lulus Terlambat
2.87,1.27,1.2,3.65,1.7,1.32,3.9,158,28.0,Perempuan,SMK,Ya,Tidak,4,2-5jt,Drop Out
1.99,2.25,2.39,1.61,2.88,3.51,2.13,78,18.0,Perempuan,SMK,Ya,Ya,0,2-5jt,Drop Out
1.19,3.64,3.73,2.76,3.24,1.72,1.77,82,29.0,Perempuan,SMK,Ya,Tidak,5,2-5jt,Drop Out
1.93,3.83,2.62,3.1,1.66,1.58,1.73,68,23.0,Laki-laki,MA,Tidak,Ya,2,<2jt,Drop Out
1.98,2.4,2.49,3.04,1.18,2.51,2.37,153,25.0,Perempuan,SMK,Ya,Tidak,4,5-10jt,Lulus Tepat Waktu
3.19,2.84,1.32,2.22,1.39,3.31,3.28,109,18.0,Perempuan,SMA,Ya,Tidak,5,2-5jt,Drop Out
2.91,1.5,2.97,1.05,2.82,1.19,1.62,75,27.0,Laki-laki,MA,Ya,Ya,3,5-10jt,Drop Out
3.66,3.97,3.47,2.75,3.55,2.73,3.13,92,29.0,Perempuan,MA,Ya,Ya,2,>10jt,Lulus Tepat Waktu
2.42,1.7,2.14,1.76,1.13,1.36,1.06,61,26.0,Perempuan,SMA,Tidak,Ya,5,<2jt,Drop Out
1.36,3.83,3.33,2.35,3.2,1.11,2.26,73,20.0,Laki-laki,SMA,Ya,Ya,2,<2jt,Drop Out
3.14,2.95,3.89,3.87,2.02,1.16,3.33,60,20.0,Perempuan,MA,Ya,Tidak,2,5-10jt,Lulus Terlambat
3.28,2.82,1.61,2.2,2.44,3.5,2.02,149,21.0,Laki-laki,SMK,Ya,Tidak,3,>10jt,Lulus Terlambat
2.68,2.54,2.57,3.52,3.79,1.35,2.69,117,28.0,Perempuan,MA,Tidak,Ya,3,>10jt,Lulus Terlambat
3.31,1.69,1.86,1.57,2.0,1.14,1.61,148,18.0,Perempuan,MA,Ya,Tidak,2,2-5jt,Lulus Tepat Waktu
2.48,1.53,3.38,3.02,2.4,2.31,3.23,75,26.0,Laki-laki,SMA,Ya,Tidak,5,<2jt,Drop Out
2.57,1.66,2.73,3.93,1.04,3.53,1.16,138,28.0,Perempuan,MA,Ya,Ya,1,>10jt,Lulus Terlambat
2.28,1.56,2.9,1.31,1.24,1.79,3.56,149,20.0,Perempuan,SMK,Tidak,Ya,0,>10jt,Lulus Terlambat
1.08,3.34,3.39,1.02,1.78,2.27,1.59,106,27.0,Perempuan,SMA,Tidak,Tidak,3,2-5jt,Drop Out
1.32,2.05,2.19,2.3,1.08,1.12,3.62,103,21.0,Laki-laki,MA,Ya,Ya,1,2-5jt,Lulus Terlambat
1.09,1.17,,1.28,2.89,2.35,2.06,139,18.0,Laki-laki,MA,Ya,Ya,3,5-10jt,Lulus Terlambat
2.91,3.91,2.6,3.25,2.28,2.73,3.17,73,21.0,Laki-laki,SMK,Tidak,Tidak,2,<2jt,Drop Out
1.94,3.65,1.47,3.74,2.64,2.71,1.96,152,18.0,Laki-laki,MA,Tidak,Tidak,1,>10jt,Lulus Tepat Waktu
2.53,3.78,3.09,2.3,1.52,2.0,3.72,83,22.0,Laki-laki,MA,Tidak,Ya,5,5-10jt,Lulus Terlambat
3.72,3.98,3.38,1.78,1.89,1.95,1.38,114,22.0,Perempuan,MA,Tidak,Tidak,5,<2jt,Drop Out
1.75,1.52,1.95,2.3,2.99,1.32,1.54,74,28.0,Laki-laki,MA,Tidak,Ya,4,5-10jt,Lulus Terlambat
2.23,2.19,3.57,3.17,3.9,2.1,2.48,142,24.0,Laki-laki,SMK,Ya,Ya,0,<2jt,Lulus Tepat Waktu
3.27,3.27,3.72,1.03,1.15,1.3,1.25,131,25.0,Laki-laki,MA,Ya,Tidak,0,<2jt,Lulus Terlambat
1.69,3.09,1.83,2.77,3.67,3.3,1.59,93,21.0,Perempuan,MA,Ya,Tidak,3,>10jt,Lulus Terlambat
1.23,1.46,3.95,2.84,2.73,3.9,3.83,61,24.0,Perempuan,MA,Ya,Ya,0,<2jt,Lulus Terlambat
1.87,3.45,1.42,2.91,2.69,3.91,3.93,86,21.0,Laki-laki,SMA,Tidak,Ya,4,2-5jt,Lulus Terlambat
1.48,1.67,1.61,1.73,2.5,3.6,2.13,133,20.0,Perempuan,SMK,Tidak,Ya,5,>10jt,Lulus Terlambat
3.79,1.67,1.55,3.14,1.21,2.8,3.77,158,23.0,Perempuan,SMA,Tidak,Tidak,1,2-5jt,Lulus Tepat Waktu
3.42,2.61,3.68,1.27,1.27,3.1,2.63,146,21.0,Perempuan,SMA,Tidak,Ya,1,5-10jt,Lulus Tepat Waktu
2.9,2.78,2.96,1.6,2.8,1.86,1.81,131,20.0,Perempuan,SMK,Tidak,Tidak,5,5-10jt,Lulus Tepat Waktu
3.61,2.74,1.46,3.63,2.02,2.89,3.11,151,26.0,Laki-laki,SMA,Ya,Ya,2,<2jt,Lulus Tepat Waktu
3.41,1.27,2.32,3.22,3.75,2.37,2.98,82,22.0,Laki-laki,SMA,Ya,Tidak,5,<2jt,Drop Out
1.56,3.63,2.85,1.04,2.22,2.45,3.97,127,24.0,Perempuan,SMA,Ya,Ya,1,,Lulus Terlambat
3.68,1.8,1.25,1.75,1.43,3.27,1.8,73,29.0,Perempuan,SMK,Ya,Tidak,3,2-5jt,Lulus Terlambat
2.62,1.39,3.65,1.64,3.14,1.85,3.02,122,23.0,Perempuan,MA,Ya,Ya,4,2-5jt,Lulus Tepat Waktu
3.42,3.67,3.41,1.81,1.88,1.95,1.16,152,27.0,Perempuan,SMK,Tidak,Ya,5,5-10jt,Lulus Terlambat
3.69,3.87,2.52,1.74,2.58,3.77,1.34,124,22.0,Laki-laki,SMK,Tidak,Ya,2,2-5jt,Lulus Terlambat
1.95,3.59,3.9,1.19,3.09,1.17,1.01,127,24.0,Perempuan,SMK,Tidak,Ya,3,>10jt,Lulus Terlambat
1.33,3.43,2.25,2.38,3.7,2.46,4.0,122,28.0,Laki-laki,SMA,Tidak,Tidak,5,>10jt,Lulus Terlambat
1.68,2.97,3.95,3.2,3.38,3.74,3.41,155,23.0,Perempuan,MA,Tidak,Tidak,3,5-10jt,Lulus Terlambat
2.28,2.65,3.0,2.82,3.03,2.83,3.36,156,27.0,Laki-laki,SMK,Ya,Tidak,5,2-5jt,Lulus Terlambat
3.45,1.26,2.9,3.02,3.04,2.64,2.53,149,19.0,Perempuan,SMK,Ya,Tidak,3,2-5jt,Lulus Terlambat
3.58,2.23,1.5,1.24,3.84,1.75,1.9,140,20.0,Laki-laki,MA,Ya,Tidak,0,<2jt,Drop Out
1.02,2.12,3.65,3.85,1.89,2.03,1.45,146,19.0,Laki-laki,MA,Tidak,Ya,3,>10jt,Lulus Tepat Waktu
2.53,1.78,2.28,3.52,1.0,3.56,1.85,123,29.0,Laki-laki,MA,Tidak,Tidak,0,5-10jt,Lulus Terlambat
2.25,3.17,1.49,3.42,1.82,2.68,2.13,91,20.0,Perempuan,SMA,Tidak,Tidak,1,2-5jt,Drop Out
1.67,2.49,,3.47,1.65,2.54,3.27,138,18.0,Laki-laki,MA,Tidak,Tidak,0,<2jt,Drop Out
1.36,1.24,2.68,3.8,2.99,1.3,2.62,72,25.0,Perempuan,SMA,Ya,Tidak,3,5-10jt,Drop Out
2.01,1.66,2.58,2.63,2.9,1.05,1.23,125,23.0,Laki-laki,SMK,Tidak,Ya,4,5-10jt,Lulus Terlambat
3.83,3.05,3.16,1.6,2.78,3.89,1.05,78,19.0,Laki-laki,SMA,Ya,Ya,4,>10jt,Lulus Terlambat
1.97,1.23,3.67,2.85,1.05,2.13,1.31,83,25.0,Perempuan,MA,Tidak,Ya,1,2-5jt,Drop Out
2.56,3.55,1.24,3.23,3.19,2.81,2.23,147,23.0,Laki-laki,SMA,Ya,Ya,3,5-10jt,Lulus Tepat Waktu
3.11,2.49,3.19,3.21,1.97,1.24,3.8,70,24.0,Perempuan,MA,Tidak,Tidak,0,<2jt,Lulus Terlambat
2.09,2.44,1.56,2.56,3.0,3.05,2.91,118,28.0,Perempuan,SMA,Tidak,Tidak,4,<2jt,Drop Out
3.92,2.78,3.57,1.21,2.67,3.8,3.41,145,18.0,Perempuan,SMK,Ya,Ya,5,5-10jt,Lulus Tepat Waktu
3.89,3.47,3.46,2.11,2.03,2.73,2.4,74,24.0,Perempuan,SMA,Ya,Ya,2,<2jt,Lulus Terlambat
1.76,2.04,2.62,3.76,1.4,1.38,2.08,69,20.0,Laki-laki,SMK,Tidak,Tidak,3,5-10jt,Drop Out
2.49,3.03,3.13,2.75,1.28,2.75,1.33,100,28.0,Laki-laki,MA,Ya,Tidak,5,<2jt,Lulus Terlambat
1.9,2.7,1.94,2.61,3.49,3.3,3.63,86,29.0,Perempuan,SMK,Tidak,Ya,5,5-10jt,Lulus Terlambat
1.85,1.8,2.41,1.81,3.76,2.22,3.35,119,25.0,Laki-laki,MA,Tidak,Ya,3,5-10jt,Lulus Tepat Waktu
1.11,3.64,3.46,2.11,2.95,3.64,1.5,132,23.0,Laki-laki,MA,Ya,Ya,2,5-10jt,Lulus Tepat Waktu
2.83,3.39,2.38,3.69,1.31,2.95,2.54,111,21.0,Perempuan,SMK,Tidak,Ya,4,<2jt,Drop Out
2.51,2.98,2.07,3.0,2.21,3.7,2.46,87,28.0,Laki-laki,SMK,Tidak,Tidak,2,5-10jt,Lulus Terlambat
1.15,3.55,2.48,3.36,3.19,2.87,2.88,124,25.0,Perempuan,SMA,Ya,Tidak,1,>10jt,Lulus Tepat Waktu
1.84,3.6,3.48,2.36,3.34,1.39,3.84,76,26.0,Laki-laki,SMA,Tidak,Tidak,0,5-10jt,Drop Out
3.72,3.13,2.01,2.89,1.35,1.93,2.74,154,27.0,Laki-laki,SMK,Tidak,Ya,0,2-5jt,Lulus Terlambat
1.72,3.51,1.52,1.75,1.0,1.61,2.62,103,19.0,Perempuan,SMK,Tidak,Tidak,5,2-5jt,Drop Out
1.43,3.09,3.14,3.12,3.14,3.73,1.15,69,23.0,Laki-laki,SMK,Tidak,Tidak,4,>10jt,Lulus Terlambat
2.47,3.04,3.48,2.28,2.07,3.28,1.19,122,22.0,Laki-laki,SMK,Ya,Ya,2,5-10jt,Drop Out
3.96,2.86,1.3,2.33,1.76,3.03,1.56,152,22.0,Perempuan,MA,Ya,Ya,5,2-5jt,Lulus Tepat Waktu
1.73,3.26,1.72,2.95,1.04,1.9,1.1,141,27.0,Laki-laki,SMK,Ya,Ya,3,5-10jt,Lulus Terlambat
3.02,1.48,1.43,3.81,2.62,1.55,3.23,106,28.0,Perempuan,SMK,Tidak,Ya,5,2-5jt,Lulus Tepat Waktu
3.28,3.64,2.04,1.19,3.55,3.27,3.17,97,20.0,Laki-laki,SMK,Ya,Ya,3,<2jt,Lulus Tepat Waktu
1.71,3.62,2.35,3.47,3.87,2.42,1.41,129,29.0,Perempuan,SMK,Ya,Ya,3,<2jt,Lulus Tepat Waktu
3.18,1.09,3.25,1.88,2.7,1.68,3.51,135,25.0,Perempuan,MA,Ya,Tidak,1,>10jt,Lulus Terlambat
2.1,3.48,2.95,2.33,2.54,2.85,1.46,112,25.0,Perempuan,SMA,Tidak,Tidak,1,>10jt,Drop Out
2.9,1.39,2.86,1.07,1.26,1.12,1.9,137,29.0,Perempuan,SMA,Ya,Tidak,3,5-10jt,Drop Out
2.9,2.01,2.06,1.9,2.65,1.98,1.75,103,22.0,Perempuan,SMA,Ya,Tidak,4,>10jt,Lulus Terlambat
2.61,3.23,3.52,2.51,2.14,2.41,2.12,133,25.0,Laki-laki,SMA,Tidak,Tidak,1,5-10jt,Lulus Terlambat
1.27,1.48,2.41,1.17,2.82,1.44,1.76,113,27.0,Laki-laki,SMA,Tidak,Tidak,1,<2jt,Lulus Terlambat
3.51,3.45,3.94,2.47,2.17,3.95,2.47,79,25.0,Perempuan,MA,Tidak,Ya,0,<2jt,Lulus Terlambat
1.96,3.5,2.9,3.78,1.72,1.63,2.22,138,20.0,Laki-laki,SMA,Tidak,Ya,5,2-5jt,Lulus Tepat Waktu
1.56,2.52,1.38,1.32,1.28,1.39,3.96,90,19.0,Perempuan,MA,Tidak,Ya,0,5-10jt,Drop Out
1.12,1.02,3.03,3.29,1.94,1.61,1.17,66,26.0,Laki-laki,MA,Tidak,Tidak,4,<2jt,Drop Out
2.77,1.86,1.98,2.23,1.29,3.31,1.43,117,,Laki-laki,SMA,Ya,Tidak,1,<2jt,Drop Out
3.03,2.85,3.06,2.97,1.53,2.28,1.16,69,26.0,Perempuan,SMA,Ya,Ya,1,5-10jt,Lulus Terlambat
1.05,3.94,1.21,1.78,3.96,2.7,2.88,69,21.0,Perempuan,SMA,Tidak,Ya,2,2-5jt,Lulus Tepat Waktu
2.54,2.9,1.52,1.48,2.33,1.06,1.16,98,29.0,Laki-laki,SMK,Tidak,Ya,4,2-5jt,Lulus Terlambat
1.68,1.78,3.57,1.48,2.6,1.1,3.51,87,19.0,Laki-laki,MA,Ya,Ya,5,2-5jt,Drop Out
2.94,2.9,1.68,1.21,3.62,2.34,2.54,89,27.0,Perempuan,SMA,Tidak,Ya,5,2-5jt,Lulus Terlambat
1.52,2.62,3.51,1.56,3.99,3.45,2.58,96,18.0,Laki-laki,SMK,Tidak,Tidak,5,<2jt,Drop Out
3.07,3.34,1.84,2.99,2.75,3.66,2.68,126,21.0,Laki-laki,MA,Ya,Tidak,4,5-10jt,Lulus Terlambat
2.16,1.32,2.93,3.65,3.44,1.26,1.51,102,26.0,Perempuan,SMK,Tidak,Tidak,2,5-10jt,Drop Out
3.81,3.28,3.08,3.44,1.98,2.62,1.59,138,29.0,Laki-laki,SMK,Tidak,Ya,2,<2jt,Lulus Terlambat
1.41,2.62,2.54,3.06,1.92,3.74,1.96,144,26.0,Perempuan,SMA,Ya,Tidak,0,<2jt,Lulus Terlambat
2.02,3.89,1.92,1.33,2.21,2.16,2.78,111,21.0,Perempuan,MA,Ya,Ya,4,<2jt,Lulus Terlambat
1.34,2.03,1.64,1.87,3.02,3.49,1.63,115,26.0,Perempuan,SMK,Ya,Tidak,4,>10jt,Drop Out
3.77,2.9,1.1,1.93,3.05,1.4,1.35,135,29.0,Laki-laki,MA,Ya,Ya,2,5-10jt,Lulus Tepat Waktu
3.63,3.8,1.91,1.75,1.95,3.81,3.91,127,23.0,Laki-laki,SMA,Ya,Ya,3,5-10jt,Lulus Tepat Waktu
1.77,1.31,2.96,2.55,1.4,3.25,1.07,68,18.0,Perempuan,MA,Tidak,Tidak,3,5-10jt,Drop Out
2.98,3.81,3.81,2.61,2.9,3.82,3.41,151,27.0,Perempuan,SMK,Tidak,Tidak,0,2-5jt,Lulus Tepat Waktu
3.45,3.06,3.61,2.07,1.38,3.03,3.36,82,23.0,Laki-laki,SMK,Tidak,Tidak,3,<2jt,Drop Out
2.67,1.2,3.3,2.06,2.74,2.09,1.89,122,26.0,Laki-laki,MA,Tidak,Tidak,3,<2jt,Lulus Terlambat
2.59,1.9,3.37,3.49,3.08,3.81,1.41,120,19.0,Laki-laki,SMK,Tidak,Tidak,3,<2jt,Lulus Terlambat
1.73,3.12,2.99,3.37,3.1,1.83,1.44,99,23.0,Perempuan,SMK,Ya,Ya,1,>10jt,Lulus Terlambat
1.28,1.2,1.78,1.92,3.26,2.0,3.09,103,,Perempuan,SMK,Tidak,Tidak,0,5-10jt,Drop Out
3.69,2.75,3.72,3.74,3.62,3.1,2.93,145,21.0,Laki-laki,SMA,Tidak,Tidak,2,<2jt,Lulus Tepat Waktu
3.7,2.04,,3.86,2.5,3.3,3.35,83,25.0,Laki-laki,SMA,Tidak,Ya,3,>10jt,Lulus Tepat Waktu
2.9,2.86,2.68,1.98,3.19,3.79,3.81,110,24.0,Laki-laki,SMK,Tidak,Tidak,5,<2jt,Lulus Terlambat
2.02,1.14,1.33,2.06,2.86,1.61,3.08,117,28.0,Perempuan,MA,Tidak,Ya,1,2-5jt,Lulus Terlambat
2.05,3.61,2.34,2.52,1.56,3.39,1.47,149,29.0,Perempuan,SMA,Ya,Tidak,3,5-10jt,Lulus Tepat Waktu
3.18,3.92,2.38,3.82,1.08,3.22,1.73,153,26.0,Laki-laki,MA,Tidak,Tidak,1,>10jt,Lulus Tepat Waktu
3.69,3.91,3.59,3.63,1.85,1.19,3.53,92,24.0,Laki-laki,SMK,Tidak,Ya,0,<2jt,Lulus Terlambat
3.66,3.25,2.64,1.31,2.33,2.16,1.63,75,,Perempuan,SMK,Tidak,Tidak,5,5-10jt,Drop Out
3.34,1.39,,2.18,2.85,1.85,1.22,81,19.0,Perempuan,MA,Tidak,Tidak,5,>10jt,Drop Out
2.93,3.27,3.93,2.66,3.55,1.91,3.11,116,23.0,Laki-laki,SMA,Tidak,Tidak,5,5-10jt,Lulus Terlambat
1.25,1.07,1.33,2.51,1.59,3.95,2.21,121,24.0,Laki-laki,MA,Tidak,Tidak,3,5-10jt,Drop Out
1.48,1.07,2.27,1.58,1.38,2.93,3.76,141,20.0,Laki-laki,MA,Ya,Ya,1,2-5jt,Lulus Tepat Waktu
3.7,1.97,1.13,3.58,3.89,3.15,2.95,130,26.0,Perempuan,SMK,Tidak,Ya,5,5-10jt,Lulus Tepat Waktu
2.82,2.47,3.22,3.03,1.32,3.93,1.27,149,24.0,Laki-laki,SMA,Ya,Tidak,4,>10jt,Lulus Terlambat
1.03,3.31,3.75,3.51,2.44,2.13,3.84,131,23.0,Perempuan,MA,Ya,Tidak,4,5-10jt,Lulus Terlambat
1.3,3.05,1.84,3.58,2.76,3.41,1.78,129,23.0,Perempuan,SMA,Tidak,Ya,1,>10jt,Lulus Tepat Waktu
2.99,2.34,3.58,3.25,2.62,2.3,2.01,89,18.0,Laki-laki,SMK,Tidak,Ya,3,5-10jt,Lulus Terlambat
1.02,1.82,1.88,2.32,1.26,3.61,2.21,82,22.0,Laki-laki,SMA,Tidak,Tidak,3,<2jt,Drop Out
1.48,3.99,3.73,2.83,1.17,1.54,1.15,91,27.0,Perempuan,SMK,Ya,Ya,0,2-5jt,Lulus Terlambat
2.65,2.28,3.26,1.48,1.32,3.84,2.49,145,20.0,Laki-laki,SMA,Tidak,Ya,0,,Lulus Tepat Waktu
3.08,2.35,3.41,3.02,2.76,1.66,1.37,116,24.0,Perempuan,MA,Tidak,Ya,5,2-5jt,Lulus Tepat Waktu
2.96,1.49,1.05,1.54,2.63,1.98,2.2,68,27.0,Laki-laki,SMK,Tidak,Ya,2,>10jt,Lulus Terlambat
1.67,3.38,3.89,3.08,1.7,3.27,2.05,90,20.0,Laki-laki,MA,Ya,Tidak,0,2-5jt,Lulus Terlambat
3.14,3.08,3.18,1.69,2.91,2.18,3.32,130,22.0,Laki-laki,SMK,Ya,Ya,3,5-10jt,Lulus Tepat Waktu
1.71,1.66,1.91,1.35,3.46,2.82,3.41,68,24.0,Laki-laki,SMA,Tidak,Tidak,2,5-10jt,Lulus Terlambat
1.98,1.25,3.49,1.5,1.12,2.33,1.46,72,20.0,Perempuan,SMA,Ya,Tidak,0,<2jt,Drop Out
3.24,3.04,1.84,1.01,2.49,3.23,2.1,117,27.0,Perempuan,SMK,Tidak,Ya,1,2-5jt,Lulus Tepat Waktu
2.95,2.96,3.62,3.16,3.07,1.68,2.12,62,19.0,Perempuan,SMK,Ya,Tidak,4,>10jt,Lulus Tepat Waktu
3.55,1.82,1.34,3.2,1.76,1.18,1.45,94,,Laki-laki,SMK,Tidak,Tidak,0,>10jt,Drop Out
2.97,3.85,3.11,2.54,1.92,1.9,3.4,156,25.0,Perempuan,SMA,Ya,Ya,0,5-10jt,Lulus Tepat Waktu
2.7,1.45,2.62,1.48,2.84,2.42,3.12,80,21.0,Perempuan,SMK,Tidak,Ya,1,>10jt,Drop Out
1.28,2.3,1.29,1.25,3.69,1.5,1.57,123,26.0,Perempuan,SMK,Tidak,Ya,3,5-10jt,Lulus Terlambat
2.1,3.83,1.73,1.06,3.43,2.06,2.1,154,29.0,Laki-laki,MA,Ya,Tidak,5,5-10jt,Drop Out
1.8,2.26,1.04,1.5,2.75,2.2,1.32,111,29.0,Perempuan,SMK,Ya,Tidak,1,5-10jt,Drop Out
1.73,2.92,2.41,3.67,3.19,1.17,2.88,93,25.0,Laki-laki,MA,Ya,Tidak,5,,Lulus Terlambat
3.92,2.19,1.9,1.72,2.09,2.75,1.36,155,24.0,Laki-laki,MA,Ya,Tidak,0,<2jt,Lulus Terlambat
2.18,1.82,2.8,2.06,2.92,3.65,3.96,94,24.0,Perempuan,MA,Ya,Ya,3,5-10jt,Lulus Terlambat
3.68,3.95,1.89,1.32,2.4,1.46,3.34,74,20.0,Laki-laki,SMA,Tidak,Tidak,2,5-10jt,Drop Out
2.89,2.23,1.9,1.67,1.57,2.79,2.17,155,23.0,Perempuan,MA,Tidak,Ya,0,5-10jt,Lulus Tepat Waktu
3.38,3.68,3.23,2.56,3.11,2.99,2.74,65,22.0,Perempuan,SMK,Ya,Ya,1,>10jt,Lulus Terlambat
2.51,1.69,1.14,2.82,2.67,2.26,3.73,144,18.0,Perempuan,SMA,Tidak,Ya,2,5-10jt,Lulus Tepat Waktu
2.73,1.64,3.71,1.74,2.08,3.1,2.66,156,28.0,Perempuan,SMA,Tidak,Ya,4,5-10jt,Lulus Tepat Waktu
2.48,1.09,3.56,1.17,3.73,2.23,1.52,91,20.0,Perempuan,SMA,Ya,Tidak,2,2-5jt,Drop Out
1.59,2.96,3.0,2.17,1.06,2.51,2.14,111,29.0,Laki-laki,SMA,Tidak,Ya,1,2-5jt,Lulus Terlambat
3.17,2.11,2.78,1.7,1.95,1.02,3.53,142,18.0,Perempuan,SMA,Tidak,Tidak,2,2-5jt,Lulus Terlambat
1.84,3.59,3.68,1.66,1.17,3.08,2.93,156,,Laki-laki,SMA,Ya,Ya,1,2-5jt,Lulus Tepat Waktu
1.07,2.42,1.56,3.88,3.3,2.98,2.95,87,27.0,Perempuan,SMA,Ya,Ya,0,5-10jt,Lulus Tepat Waktu
2.94,3.9,1.24,2.85,3.11,1.12,3.6,154,20.0,Perempuan,MA,Tidak,Ya,3,2-5jt,Lulus Tepat Waktu
1.53,1.56,1.72,2.67,1.99,2.1,3.68,144,28.0,Perempuan,SMK,Ya,Tidak,4,>10jt,Lulus Terlambat
3.82,3.61,3.38,2.25,3.03,3.94,3.76,157,21.0,Laki-laki,SMK,Tidak,Ya,3,>10jt,Lulus Tepat Waktu
3.86,3.33,1.1,2.29,2.19,2.26,1.28,123,26.0,Laki-laki,MA,Ya,Ya,3,2-5jt,Lulus Tepat Waktu
3.74,3.31,2.75,2.62,3.27,2.51,2.63,138,20.0,Laki-laki,MA,Ya,Ya,3,<2jt,Lulus Tepat Waktu
2.11,3.53,3.99,3.09,2.36,3.73,3.22,137,29.0,Laki-laki,SMA,Ya,Ya,1,>10jt,Lulus Terlambat
1.05,3.28,3.57,3.11,2.24,3.15,3.27,78,23.0,Perempuan,SMA,Ya,Tidak,1,>10jt,Lulus Terlambat
3.78,2.88,2.56,1.52,3.8,2.75,2.82,74,23.0,Perempuan,MA,Tidak,Tidak,4,2-5jt,Lulus Terlambat
2.28,1.39,1.19,2.5,1.75,3.39,1.5,65,24.0,Laki-laki,SMA,Ya,Ya,1,2-5jt,Lulus Terlambat
3.9,1.1,3.49,2.24,1.36,3.59,3.39,132,26.0,Laki-laki,SMK,Ya,Ya,5,,Drop Out
3.89,3.76,2.8,3.61,2.75,2.37,3.16,143,29.0,Laki-laki,SMK,Tidak,Tidak,1,>10jt,Lulus Terlambat
3.56,2.85,1.34,2.89,3.91,2.43,1.26,157,24.0,Perempuan,SMA,Tidak,Tidak,1,2-5jt,Lulus Terlambat
1.88,3.39,1.28,2.6,2.13,2.16,2.39,97,18.0,Laki-laki,SMA,Tidak,Tidak,1,2-5jt,Drop Out
2.16,2.44,3.73,1.35,1.19,3.9,1.52,85,25.0,Laki-laki,SMA,Tidak,Ya,0,5-10jt,Lulus Terlambat
3.55,1.35,3.01,2.82,2.02,3.09,2.01,141,22.0,Perempuan,SMK,Ya,Tidak,4,>10jt,Lulus Tepat Waktu
1.95,1.38,3.49,1.35,2.52,1.25,1.05,151,26.0,Laki-laki,SMA,Tidak,Ya,5,2-5jt,Lulus Tepat Waktu
1.51,3.06,3.64,2.01,1.49,3.59,2.2,110,27.0,Perempuan,MA,Ya,Tidak,1,5-10jt,Lulus Terlambat
2.67,2.29,2.72,1.43,2.97,2.44,2.65,132,29.0,Perempuan,SMA,Tidak,Tidak,4,2-5jt,Lulus Terlambat
3.81,1.6,2.55,3.08,3.99,1.21,2.86,155,22.0,Perempuan,MA,Ya,Ya,2,<2jt,Lulus Tepat Waktu
3.09,2.47,2.29,1.62,2.36,2.65,2.99,112,22.0,Perempuan,SMA,Tidak,Tidak,0,<2jt,Lulus Terlambat
2.71,1.19,1.95,2.18,2.06,2.25,3.51,115,29.0,Perempuan,SMA,Ya,Ya,1,2-5jt,Lulus Terlambat
1.29,2.75,2.3,3.69,2.2,3.63,1.65,118,29.0,Laki-laki,SMK,Ya,Tidak,5,>10jt,Lulus Terlambat
2.85,1.81,3.32,1.61,1.35,1.61,1.36,129,19.0,Laki-laki,MA,Tidak,Ya,0,<2jt,Lulus Terlambat
3.97,3.39,2.81,2.52,3.65,3.48,3.55,137,29.0,Perempuan,MA,Ya,Tidak,5,5-10jt,Lulus Terlambat
1.42,1.93,3.68,2.26,2.24,2.67,1.47,151,28.0,Perempuan,MA,Ya,Tidak,0,2-5jt,Lulus Terlambat
2.55,2.37,2.33,1.05,2.16,1.16,3.92,117,20.0,Laki-laki,SMK,Ya,Ya,2,5-10jt,Lulus Terlambat
3.63,1.03,2.82,3.38,2.98,3.92,3.53,147,27.0,Laki-laki,MA,Ya,Ya,4,<2jt,Lulus Tepat Waktu
3.22,1.22,2.89,1.21,2.33,2.54,2.5,72,26.0,Perempuan,SMK,Tidak,Ya,0,>10jt,Drop Out
3.09,2.18,2.78,2.42,2.94,1.87,3.94,102,24.0,Laki-laki,SMA,Ya,Ya,3,5-10jt,Lulus Tepat Waktu
3.11,2.44,3.11,2.68,1.18,2.41,1.29,135,18.0,Laki-laki,SMA,Ya,Tidak,2,<2jt,Lulus Terlambat
2.08,2.8,1.71,2.89,3.44,3.57,1.91,110,20.0,Perempuan,MA,Tidak,Tidak,3,<2jt,Lulus Terlambat
1.88,1.87,2.54,3.07,3.82,1.91,2.91,78,29.0,Laki-laki,SMA,Tidak,Tidak,2,<2jt,Drop Out
3.43,3.08,1.31,1.76,2.95,1.58,2.05,80,19.0,Laki-laki,SMA,Tidak,Tidak,3,5-10jt,Lulus Terlambat
3.43,3.58,2.15,1.03,3.86,1.39,3.79,150,18.0,Laki-laki,MA,Ya,Tidak,3,<2jt,Lulus Tepat Waktu
3.6,3.34,2.46,3.17,1.45,1.89,1.2,142,26.0,Laki-laki,SMA,Ya,Tidak,5,2-5jt,Lulus Terlambat
3.74,1.12,2.96,2.61,2.43,3.34,2.65,83,25.0,Perempuan,MA,Tidak,Ya,0,<2jt,Lulus Terlambat
2.53,2.44,3.85,3.51,2.81,2.41,2.77,85,22.0,Laki-laki,MA,Ya,Tidak,0,2-5jt,Lulus Terlambat
2.5,1.31,2.8,3.46,2.75,1.68,2.96,104,28.0,Perempuan,SMA,Tidak,Tidak,2,>10jt,Drop Out
3.39,1.73,3.23,3.53,2.2,1.5,1.77,87,29.0,Laki-laki,SMA,Ya,Ya,4,2-5jt,Lulus Terlambat
2.95,3.96,2.52,2.46,2.01,2.0,2.09,141,19.0,Perempuan,SMA,Tidak,Tidak,5,>10jt,Lulus Terlambat
3.11,1.43,2.9,2.0,1.38,3.82,3.53,159,18.0,Perempuan,SMA,Ya,Tidak,0,>10jt,Lulus Tepat Waktu
3.39,2.5,1.21,3.37,2.18,2.03,1.58,88,24.0,Laki-laki,SMA,Tidak,Tidak,0,2-5jt,Drop Out
3.67,2.85,1.76,2.35,1.49,3.96,3.48,76,28.0,Perempuan,SMK,Ya,Ya,5,>10jt,Lulus Terlambat
2.01,3.11,2.09,1.55,3.2,2.46,2.69,127,28.0,Perempuan,SMA,Tidak,Ya,1,2-5jt,Lulus Tepat Waktu
2.13,2.68,2.42,3.56,1.63,1.54,3.29,103,19.0,Perempuan,SMK,Ya,Tidak,5,5-10jt,Drop Out
1.28,1.03,1.14,3.65,1.18,3.67,3.14,120,18.0,Perempuan,MA,Ya,Ya,0,>10jt,Lulus Terlambat
2.73,1.98,1.42,2.4,2.66,2.38,1.62,152,19.0,Perempuan,SMA,Ya,Tidak,4,2-5jt,Drop Out
1.11,2.55,1.83,1.23,2.79,3.13,2.71,127,24.0,Laki-laki,SMA,Tidak,Tidak,1,>10jt,Lulus Terlambat
2.4,1.26,3.91,2.16,3.62,3.95,3.6,133,24.0,Perempuan,SMA,Ya,Tidak,3,<2jt,Lulus Tepat Waktu
2.63,2.05,1.99,3.41,2.73,1.15,2.3,84,27.0,Perempuan,MA,Ya,Ya,5,2-5jt,Drop Out
1.86,1.1,2.45,3.71,2.04,1.29,3.9,154,23.0,Laki-laki,SMK,Ya,Tidak,3,<2jt,Lulus Terlambat
2.77,1.24,1.59,1.61,3.41,3.16,2.36,126,22.0,Laki-laki,SMK,Tidak,Tidak,1,>10jt,Lulus Terlambat
1.09,2.19,2.83,1.2,2.62,1.85,1.43,61,20.0,Perempuan,SMA,Ya,Tidak,1,>10jt,Drop Out
1.11,1.4,1.84,3.63,1.24,1.55,2.17,148,29.0,Laki-laki,SMA,Tidak,Tidak,1,5-10jt,Drop Out
3.47,2.7,1.62,2.17,2.7,1.12,3.86,108,20.0,Laki-laki,SMA,Ya,Tidak,2,2-5jt,Drop Out
2.08,3.07,2.55,2.63,3.72,1.07,1.96,129,28.0,Laki-laki,SMA,Tidak,Ya,5,<2jt,Lulus Terlambat
1.38,3.4,1.02,3.9,2.19,3.32,3.6,85,29.0,Laki-laki,MA,Tidak,Tidak,4,5-10jt,Lulus Terlambat
2.57,1.6,1.02,1.2,1.89,1.4,3.64,131,26.0,Laki-laki,SMA,Ya,Ya,4,>10jt,Lulus Terlambat
3.31,1.5,1.66,2.94,1.43,2.4,2.05,158,21.0,Laki-laki,MA,Tidak,Tidak,3,>10jt,Lulus Terlambat
1.65,1.31,1.11,1.22,1.45,2.82,1.25,86,26.0,Perempuan,SMA,Tidak,Ya,3,5-10jt,Drop Out
2.87,2.91,1.32,2.13,2.3,2.29,3.17,148,21.0,Perempuan,SMK,Ya,Tidak,3,<2jt,Lulus Terlambat
1.26,3.12,2.02,3.41,2.79,1.08,1.93,77,19.0,Laki-laki,SMK,Tidak,Tidak,5,>10jt,Drop Out
1.16,1.09,3.41,2.3,1.24,3.35,3.35,113,21.0,Laki-laki,SMA,Tidak,Ya,0,>10jt,Lulus Tepat Waktu
2.59,3.81,2.72,3.99,3.82,1.03,2.33,60,23.0,Perempuan,SMA,Tidak,Ya,3,2-5jt,Drop Out
2.62,1.16,2.54,2.68,3.27,3.29,2.46,120,23.0,Laki-laki,MA,Tidak,Tidak,1,5-10jt,Lulus Terlambat
2.91,2.62,1.88,1.96,2.76,3.68,3.33,62,22.0,Perempuan,SMA,Ya,Ya,3,>10jt,Lulus Terlambat
3.18,3.13,3.8,1.66,3.49,2.3,2.15,127,18.0,Laki-laki,SMA,Tidak,Ya,1,<2jt,Lulus Terlambat
3.93,3.61,2.19,2.05,1.24,2.61,2.33,100,20.0,Perempuan,SMA,Tidak,Tidak,2,2-5jt,Lulus Terlambat
2.55,3.14,1.26,2.12,2.43,2.43,2.13,96,22.0,Perempuan,SMK,Ya,Tidak,0,5-10jt,Lulus Terlambat
1.97,3.41,2.85,1.21,2.89,2.17,2.1,110,23.0,Laki-laki,MA,Ya,Tidak,0,<2jt,Lulus Terlambat
3.39,2.02,1.34,2.11,3.49,3.66,2.58,74,18.0,Laki-laki,SMK,Tidak,Tidak,5,>10jt,Drop Out
1.81,3.44,2.04,2.39,3.35,3.68,3.43,67,26.0,Laki-laki,MA,Ya,Tidak,5,5-10jt,Lulus Terlambat
2.32,1.24,2.52,3.17,1.83,2.01,2.09,97,20.0,Laki-laki,SMK,Ya,Ya,4,5-10jt,Lulus Terlambat
1.24,3.68,3.62,2.97,3.82,2.85,2.57,142,27.0,Perempuan,SMA,Ya,Tidak,2,<2jt,Lulus Tepat Waktu
1.08,2.64,,3.13,1.37,3.78,3.01,115,20.0,Laki-laki,SMK,Ya,Ya,5,5-10jt,Lulus Terlambat
3.89,3.45,3.11,1.03,3.63,3.89,1.81,106,28.0,Perempuan,SMK,Ya,Tidak,1,<2jt,Lulus Terlambat
3.51,2.36,3.98,1.65,3.91,2.53,1.83,149,19.0,Laki-laki,MA,Ya,Tidak,2,>10jt,Lulus Tepat Waktu
3.09,2.93,1.39,2.99,1.53,2.36,3.8,69,25.0,Perempuan,MA,Ya,Ya,0,2-5jt,Lulus Terlambat
2.23,2.58,1.82,2.45,3.17,1.84,3.17,137,20.0,Laki-laki,SMK,Ya,Tidak,1,<2jt,Lulus Terlambat
1.52,3.19,2.18,1.02,1.12,3.88,2.73,108,23.0,Laki-laki,MA,Ya,Ya,2,2-5jt,Lulus Terlambat
1.47,1.24,2.27,3.41,2.22,1.43,2.94,100,19.0,Perempuan,MA,Tidak,Ya,0,5-10jt,Lulus Terlambat
1.75,1.18,2.23,3.32,2.55,2.74,1.09,142,24.0,Laki-laki,MA,Tidak,Ya,5,<2jt,Lulus Tepat Waktu
2.65,1.74,3.72,2.65,2.74,1.85,2.85,89,21.0,Laki-laki,MA,Tidak,Tidak,1,>10jt,Lulus Terlambat
3.14,1.48,3.14,1.2,3.81,1.84,2.53,64,,Laki-laki,MA,Tidak,Tidak,1,<2jt,Lulus Terlambat
2.98,3.62,2.82,3.3,3.02,2.21,2.64,154,27.0,Laki-laki,SMK,Tidak,Tidak,0,<2jt,Drop Out
1.84,1.66,1.93,2.75,2.44,4.0,2.08,130,26.0,Laki-laki,MA,Ya,Tidak,1,<2jt,Lulus Terlambat
3.86,3.93,3.47,3.35,3.43,1.16,1.24,142,24.0,Perempuan,SMA,Ya,Tidak,5,2-5jt,Lulus Terlambat
3.21,2.01,3.87,3.26,3.85,2.74,1.58,90,29.0,Laki-laki,SMK,Tidak,Tidak,5,2-5jt,Lulus Terlambat
2.66,1.55,3.46,3.41,1.07,1.25,3.85,111,25.0,Perempuan,SMK,Tidak,Ya,5,5-10jt,Drop Out
2.84,3.37,1.0,2.55,3.95,1.46,2.23,147,20.0,Laki-laki,SMK,Ya,Tidak,0,5-10jt,Lulus Tepat Waktu
2.26,2.98,2.91,1.42,1.26,2.32,2.4,157,28.0,Laki-laki,MA,Tidak,Tidak,3,5-10jt,Lulus Terlambat
1.74,2.49,1.15,3.01,3.44,2.53,1.16,82,22.0,Perempuan,SMA,Ya,Tidak,3,5-10jt,Drop Out
2.07,2.67,1.77,2.86,1.84,1.78,1.11,107,19.0,Perempuan,MA,Tidak,Tidak,1,<2jt,Lulus Terlambat
3.27,3.16,1.18,3.23,1.4,1.95,3.15,99,27.0,Perempuan,SMK,Ya,Ya,5,2-5jt,Lulus Terlambat
1.04,1.69,2.81,1.51,2.32,1.26,2.61,65,24.0,Perempuan,SMK,Tidak,Ya,1,2-5jt,Lulus Terlambat
1.35,3.99,3.06,1.58,2.93,1.91,2.53,97,25.0,Perempuan,SMK,Ya,Ya,0,2-5jt,Lulus Tepat Waktu
1.14,3.92,1.34,3.67,2.14,3.9,1.73,100,26.0,Laki-laki,SMK,Tidak,Ya,1,2-5jt,Lulus Terlambat
1.12,2.95,2.15,3.25,1.16,3.83,3.23,159,28.0,Perempuan,MA,Tidak,Ya,4,,Lulus Tepat Waktu
3.57,1.6,2.37,3.72,2.8,2.0,1.5,86,28.0,Perempuan,SMA,Ya,Tidak,3,<2jt,Drop Out
3.11,3.04,2.11,3.28,3.71,2.71,1.57,134,24.0,Laki-laki,SMA,Ya,Ya,1,2-5jt,Lulus Terlambat
2.42,1.22,1.36,2.79,2.15,3.73,2.38,128,27.0,Laki-laki,SMK,Tidak,Ya,1,>10jt,Lulus Terlambat
1.29,1.09,2.26,2.96,1.65,1.02,1.86,116,27.0,Perempuan,SMA,Tidak,Tidak,2,<2jt,Lulus Terlambat
2.47,1.77,3.25,3.67,2.33,3.43,1.74,76,25.0,Perempuan,SMK,Ya,Tidak,1,>10jt,Drop Out
2.42,2.39,1.21,2.74,1.15,3.85,2.94,130,29.0,Perempuan,SMK,Ya,Ya,4,<2jt,Lulus Terlambat
1.52,3.6,1.24,2.9,3.46,1.27,2.95,150,26.0,Laki-laki,SMA,Ya,Tidak,3,<2jt,Lulus Terlambat
2.3,3.18,2.06,1.47,3.48,1.48,3.47,106,23.0,Perempuan,SMK,Tidak,Tidak,2,<2jt,Drop Out
2.2,3.23,3.83,2.42,2.76,3.88,2.25,138,29.0,Laki-laki,SMA,Tidak,Ya,0,>10jt,Lulus Tepat Waktu
2.85,2.28,3.01,3.15,2.06,2.61,1.22,72,29.0,Laki-laki,SMK,Ya,Tidak,0,2-5jt,Drop Out
2.91,2.04,3.04,1.81,3.4,1.04,1.82,70,27.0,Laki-laki,SMA,Tidak,Ya,3,2-5jt,Drop Out
1.14,2.11,,1.61,2.66,1.77,3.94,149,19.0,Laki-laki,SMK,Tidak,Ya,0,>10jt,Lulus Tepat Waktu
2.12,3.96,2.78,1.94,3.48,2.35,2.79,145,19.0,Perempuan,SMA,Ya,Tidak,4,2-5jt,Lulus Terlambat
2.88,1.12,1.03,1.72,2.89,3.08,3.13,151,21.0,Laki-laki,SMK,Tidak,Ya,1,5-10jt,Lulus Tepat Waktu
2.51,3.6,2.91,1.64,3.35,3.2,1.02,83,26.0,Laki-laki,SMK,Ya,Ya,3,2-5jt,Lulus Terlambat
3.57,2.74,3.74,2.27,2.8,3.99,2.55,152,24.0,Perempuan,SMK,Ya,Tidak,2,5-10jt,Lulus Tepat Waktu
2.98,2.32,2.84,3.72,2.24,1.86,1.11,132,19.0,Laki-laki,SMA,Tidak,Tidak,1,5-10jt,Lulus Terlambat
1.49,3.18,3.62,2.52,3.87,2.61,2.71,63,25.0,Perempuan,MA,Tidak,Tidak,0,5-10jt,Drop Out
1.21,2.46,3.17,1.56,2.62,2.6,3.76,105,28.0,Laki-laki,SMK,Ya,Tidak,0,,Drop Out
2.93,3.62,1.36,1.23,2.82,2.22,3.91,77,24.0,Perempuan,SMK,Ya,Ya,2,2-5jt,Drop Out
1.08,3.7,3.71,3.09,1.66,1.51,2.62,102,26.0,Laki-laki,SMA,Ya,Tidak,4,2-5jt,Drop Out
2.76,2.27,1.2,2.15,2.88,3.93,2.37,139,25.0,Laki-laki,SMK,Tidak,Tidak,2,>10jt,Lulus Terlambat
3.82,1.83,2.6,3.47,2.71,3.56,3.84,92,20.0,Perempuan,SMK,Ya,Ya,3,>10jt,Lulus Terlambat
2.73,2.78,1.43,2.98,1.55,2.49,3.02,152,18.0,Laki-laki,SMK,Ya,Ya,2,2-5jt,Drop Out
2.16,3.74,1.04,3.39,1.18,2.81,1.19,69,19.0,Laki-laki,SMK,Ya,Ya,0,>10jt,Lulus Terlambat
2.93,1.63,2.27,1.82,2.81,1.68,2.4,132,19.0,Perempuan,MA,Ya,Ya,4,>10jt,Lulus Tepat Waktu
2.37,2.87,1.89,3.08,3.29,2.63,1.72,118,21.0,Laki-laki,MA,Tidak,Tidak,4,5-10jt,Lulus Terlambat
2.64,2.89,2.46,1.79,2.57,3.08,2.41,90,23.0,Laki-laki,SMK,Tidak,Tidak,5,>10jt,Drop Out
3.82,3.2,2.73,3.82,1.68,2.55,2.37,87,21.0,Perempuan,SMK,Ya,Ya,2,5-10jt,Lulus Tepat Waktu
2.16,1.39,1.13,2.91,3.0,3.97,2.75,119,26.0,Perempuan,SMK,Tidak,Ya,3,<2jt,Lulus Terlambat
3.88,3.15,1.37,1.97,1.24,2.83,2.07,62,21.0,Perempuan,MA,Tidak,Ya,0,5-10jt,Drop Out
3.72,3.73,2.68,1.81,2.33,2.11,1.49,114,23.0,Perempuan,MA,Tidak,Ya,1,5-10jt,Lulus Terlambat
1.59,1.54,2.03,1.57,1.49,3.32,2.51,73,23.0,Perempuan,SMA,Ya,Tidak,4,>10jt,Drop Out
1.21,1.71,3.19,3.08,1.55,1.51,3.49,117,27.0,Laki-laki,SMA,Tidak,Ya,2,,Drop Out
1.3,3.91,2.96,1.66,1.61,2.15,2.99,148,28.0,Perempuan,SMK,Tidak,Tidak,5,<2jt,Lulus Terlambat
1.05,1.54,3.54,2.79,2.16,2.04,2.02,74,27.0,Laki-laki,SMK,Ya,Ya,3,<2jt,Lulus Terlambat
1.28,3.56,3.08,1.79,1.15,2.3,3.81,61,18.0,Perempuan,MA,Ya,Tidak,3,<2jt,Drop Out
3.05,2.48,2.29,2.99,2.19,3.35,3.74,83,25.0,Laki-laki,SMK,Tidak,Tidak,0,2-5jt,Drop Out
1.21,1.74,3.02,3.44,2.54,2.45,1.63,137,29.0,Laki-laki,SMK,Tidak,Tidak,4,<2jt,Drop Out
1.96,3.61,1.83,3.33,2.45,3.38,1.12,123,20.0,Perempuan,MA,Ya,Tidak,0,<2jt,Lulus Terlambat
3.53,2.34,1.92,3.28,2.15,2.73,3.22,130,23.0,Laki-laki,MA,Ya,Ya,5,2-5jt,Lulus Tepat Waktu
1.07,2.54,3.37,1.56,3.52,2.03,3.48,159,20.0,Laki-laki,MA,Ya,Tidak,1,<2jt,Lulus Terlambat
3.44,2.08,2.34,1.27,1.44,3.43,3.9,83,28.0,Perempuan,MA,Ya,Ya,1,>10jt,Lulus Terlambat
1.85,2.78,3.4,3.1,2.52,1.71,3.67,86,19.0,Perempuan,SMA,Tidak,Tidak,1,>10jt,Drop Out
1.35,1.49,3.47,2.11,1.19,1.67,2.8,96,22.0,Perempuan,MA,Ya,Tidak,3,5-10jt,Drop Out
3.09,2.17,3.57,2.3,1.21,2.51,2.59,153,18.0,Perempuan,MA,Tidak,Ya,4,5-10jt,Lulus Tepat Waktu
2.89,3.91,3.75,1.09,2.72,1.78,1.08,150,26.0,Laki-laki,SMK,Tidak,Ya,0,5-10jt,Lulus Terlambat
3.63,1.77,2.29,1.78,2.7,1.03,1.74,98,,Laki-laki,SMK,Tidak,Tidak,0,>10jt,Lulus Terlambat
3.21,2.97,1.96,1.1,3.63,2.94,2.38,122,24.0,Laki-laki,SMK,Ya,Tidak,5,>10jt,Drop Out
3.41,1.98,2.75,3.64,2.67,2.53,2.89,138,20.0,Laki-laki,SMA,Ya,Ya,1,>10jt,Lulus Tepat Waktu
1.85,3.32,2.11,1.73,3.88,2.34,2.67,85,21.0,Laki-laki,MA,Tidak,Tidak,4,5-10jt,Drop Out
1.53,1.39,2.8,2.67,1.15,3.9,3.23,124,23.0,Laki-laki,MA,Tidak,Ya,4,5-10jt,Lulus Terlambat
3.25,3.91,3.12,1.12,1.29,2.71,1.84,63,20.0,Perempuan,SMA,Tidak,Ya,5,5-10jt,Lulus Terlambat
3.42,2.36,3.07,3.0,1.13,3.59,2.69,88,29.0,Laki-laki,MA,Tidak,Ya,2,5-10jt,Drop Out
3.97,1.71,2.12,1.97,1.56,1.42,1.26,60,24.0,Laki-laki,SMK,Tidak,Tidak,4,5-10jt,Drop Out
2.24,1.22,1.5,3.69,2.62,2.71,2.24,109,23.0,Laki-laki,SMA,Ya,Tidak,4,5-10jt,Lulus Terlambat
2.12,1.51,2.29,3.66,2.94,3.6,3.25,145,26.0,Perempuan,MA,Ya,Ya,0,>10jt,Lulus Tepat Waktu
3.33,2.56,1.43,1.98,1.14,2.75,3.08,70,29.0,Perempuan,SMA,Ya,Ya,5,2-5jt,Lulus Terlambat
2.02,2.01,3.67,3.7,3.84,3.15,3.97,133,22.0,Perempuan,SMA,Tidak,Ya,4,2-5jt,Lulus Tepat Waktu
3.79,3.49,2.04,3.99,3.53,2.12,1.83,118,21.0,Perempuan,MA,Tidak,Ya,4,5-10jt,Lulus Terlambat
3.58,2.29,1.46,3.48,1.89,1.28,2.49,121,20.0,Laki-laki,SMK,Ya,Tidak,0,2-5jt,Lulus Terlambat
2.29,1.75,1.08,3.53,1.23,2.37,1.99,140,27.0,Laki-laki,MA,Ya,Ya,4,2-5jt,Lulus Tepat Waktu
3.25,2.85,2.94,1.75,1.51,2.18,2.32,95,18.0,Laki-laki,MA,Tidak,Tidak,0,>10jt,Lulus Terlambat
3.26,3.12,2.91,2.73,1.38,3.6,3.57,115,20.0,Perempuan,SMK,Ya,Ya,2,5-10jt,Lulus Tepat Waktu
1.31,1.5,2.02,1.2,1.37,1.73,3.05,149,20.0,Laki-laki,MA,Ya,Tidak,3,5-10jt,Lulus Terlambat
3.71,1.5,1.22,1.28,2.56,3.9,3.65,80,24.0,Laki-laki,MA,Ya,Tidak,0,2-5jt,Drop Out
2.52,1.11,2.23,4.0,1.74,3.87,1.61,72,24.0,Laki-laki,MA,Tidak,Tidak,0,5-10jt,Lulus Terlambat
3.48,3.21,1.93,1.98,2.07,1.74,3.62,68,29.0,Perempuan,SMA,Tidak,Tidak,4,5-10jt,Drop Out
1.96,2.99,3.03,3.24,3.97,2.04,1.18,70,18.0,Perempuan,SMA,Ya,Tidak,0,5-10jt,Drop Out
3.69,2.42,2.82,3.42,3.05,3.69,3.67,134,20.0,Perempuan,SMA,Tidak,Ya,5,5-10jt,Lulus Tepat Waktu
2.17,3.53,2.09,3.57,3.85,3.9,1.99,129,25.0,Laki-laki,MA,Ya,Ya,1,2-5jt,Lulus Tepat Waktu
1.03,3.42,1.65,3.99,1.43,2.33,1.94,60,26.0,Laki-laki,SMK,Ya,Tidak,1,<2jt,Drop Out
3.72,2.76,,1.72,2.15,1.96,2.54,129,24.0,Laki-laki,SMA,Tidak,Ya,2,2-5jt,Lulus Terlambat
1.27,3.6,2.36,1.12,2.66,2.58,3.82,136,24.0,Laki-laki,SMK,Tidak,Ya,0,>10jt,Lulus Tepat Waktu
1.96,1.62,3.06,2.23,1.23,3.06,1.14,145,29.0,Perempuan,MA,Tidak,Ya,5,<2jt,Lulus Terlambat
3.85,1.34,1.42,1.39,1.01,1.82,2.06,115,28.0,Laki-laki,SMA,Ya,Ya,4,<2jt,Lulus Terlambat
3.85,1.81,2.46,1.07,3.01,3.21,3.57,90,25.0,Perempuan,MA,Ya,Ya,4,<2jt,Lulus Terlambat
2.72,1.17,1.08,2.08,2.93,1.15,2.19,145,23.0,Laki-laki,SMK,Ya,Ya,3,2-5jt,Lulus Tepat Waktu
2.9,2.59,2.52,3.35,2.23,1.15,1.6,96,28.0,Perempuan,SMA,Tidak,Ya,2,>10jt,Lulus Terlambat
2.35,3.81,3.89,2.7,2.47,2.16,2.27,106,20.0,Laki-laki,SMA,Ya,Tidak,5,2-5jt,Lulus Tepat Waktu
1.88,1.12,2.15,1.94,2.25,2.06,2.16,150,18.0,Laki-laki,SMA,Ya,Ya,5,>10jt,Lulus Terlambat
1.99,1.37,1.12,2.96,1.07,1.95,3.75,137,24.0,Perempuan,SMA,Ya,Ya,4,2-5jt,Lulus Terlambat
3.02,2.36,1.09,1.7,2.01,2.47,3.29,106,18.0,Perempuan,SMK,Ya,Ya,3,2-5jt,Lulus Tepat Waktu
3.26,3.8,2.16,1.04,1.53,1.96,2.52,128,18.0,Laki-laki,SMA,Tidak,Tidak,4,2-5jt,Lulus Terlambat
3.37,1.95,1.48,3.29,1.3,1.58,3.97,117,26.0,Laki-laki,MA,Tidak,Tidak,3,<2jt,Lulus Terlambat
3.37,2.52,1.07,2.87,3.87,1.93,2.4,95,27.0,Laki-laki,SMA,Tidak,Ya,1,2-5jt,Lulus Terlambat
1.27,1.12,3.27,3.29,2.8,3.92,1.17,91,24.0,Perempuan,SMK,Ya,Tidak,5,>10jt,Drop Out
2.48,1.45,2.38,1.12,3.19,2.23,1.79,157,28.0,Laki-laki,SMA,Ya,Tidak,1,>10jt,Lulus Terlambat
1.17,3.96,1.87,3.51,1.95,2.33,2.31,123,21.0,Perempuan,SMK,Ya,Ya,4,>10jt,Lulus Tepat Waktu
2.65,3.9,3.7,2.86,2.18,2.73,1.47,130,23.0,Laki-laki,SMK,Tidak,Tidak,2,<2jt,Lulus Terlambat
2.32,1.01,1.35,2.69,1.71,3.95,3.84,101,18.0,Laki-laki,MA,Tidak,Ya,0,2-5jt,Lulus Terlambat
3.66,3.86,3.87,2.87,1.29,1.72,3.3,107,24.0,Laki-laki,SMA,Tidak,Tidak,2,2-5jt,Lulus Terlambat
2.05,2.92,1.94,3.59,1.54,3.04,1.8,133,29.0,Laki-laki,SMA,Tidak,Ya,2,5-10jt,Lulus Terlambat
1.35,3.6,3.67,2.76,3.39,3.15,2.77,140,23.0,Perempuan,SMA,Tidak,Tidak,0,<2jt,Lulus Terlambat
1.43,2.36,,2.74,3.03,2.82,3.16,89,21.0,Perempuan,MA,Ya,Ya,5,>10jt,Drop Out
3.28,2.55,3.48,3.97,2.64,1.27,3.82,80,24.0,Laki-laki,MA,Tidak,Ya,1,>10jt,Lulus Tepat Waktu
2.85,2.47,3.95,3.27,2.43,3.03,3.64,119,20.0,Laki-laki,SMK,Tidak,Tidak,1,2-5jt,Lulus Terlambat
1.3,3.0,1.87,2.33,3.77,1.19,2.55,72,18.0,Laki-laki,SMK,Tidak,Ya,5,>10jt,Lulus Terlambat
1.25,1.42,3.88,3.12,1.22,2.79,3.32,60,21.0,Perempuan,SMK,Ya,Ya,0,2-5jt,Drop Out
3.1,1.09,2.17,2.17,1.84,3.22,2.69,124,20.0,Laki-laki,MA,Tidak,Tidak,3,2-5jt,Drop Out
1.22,1.92,,1.69,2.05,1.63,2.66,92,18.0,Perempuan,MA,Tidak,Ya,2,5-10jt,Drop Out
3.47,3.11,2.02,2.79,3.35,3.52,1.34,97,19.0,Perempuan,MA,Tidak,Ya,4,<2jt,Lulus Tepat Waktu
3.12,1.61,2.62,3.78,3.98,1.09,1.38,84,28.0,Perempuan,SMK,Ya,Tidak,1,2-5jt,Drop Out
1.24,3.02,1.46,3.79,1.72,3.53,2.59,85,22.0,Perempuan,MA,Ya,Ya,5,2-5jt,Drop Out
1.25,3.91,2.66,2.03,3.62,2.38,1.81,136,25.0,Laki-laki,SMK,Tidak,Tidak,4,2-5jt,Lulus Terlambat
3.96,1.28,2.63,2.58,3.49,1.65,1.06,118,18.0,Laki-laki,SMK,Tidak,Ya,0,5-10jt,Lulus Terlambat
2.12,3.02,3.29,1.63,1.67,1.4,3.17,151,21.0,Perempuan,SMA,Tidak,Tidak,4,2-5jt,Lulus Terlambat
2.11,2.33,3.5,3.99,2.2,3.86,1.1,92,,Laki-laki,SMA,Tidak,Tidak,4,<2jt,Drop Out
3.44,3.6,2.32,3.94,2.23,1.22,2.79,100,22.0,Laki-laki,SMA,Ya,Ya,2,<2jt,Lulus Tepat Waktu
3.84,1.53,1.91,2.95,3.93,1.6,2.62,89,24.0,Laki-laki,SMK,Tidak,Tidak,0,>10jt,Lulus Terlambat
3.96,3.08,1.78,3.41,1.54,2.04,3.91,116,29.0,Perempuan,SMA,Ya,Ya,4,<2jt,Lulus Terlambat
3.26,3.51,,3.15,3.4,2.86,2.45,108,25.0,Laki-laki,SMA,Tidak,Ya,1,>10jt,Lulus Tepat Waktu
2.13,3.83,1.17,2.78,2.0,2.63,1.19,107,23.0,Laki-laki,SMA,Ya,Tidak,0,<2jt,Drop Out
1.25,3.05,2.03,1.16,3.19,1.38,2.66,131,18.0,Laki-laki,MA,Ya,Ya,1,>10jt,Lulus Tepat Waktu
3.33,2.49,1.81,2.36,2.26,1.87,3.52,108,24.0,Laki-laki,SMK,Tidak,Ya,5,2-5jt,Lulus Tepat Waktu
2.68,2.85,3.9,3.02,2.74,1.72,3.99,106,20.0,Laki-laki,SMA,Ya,Tidak,5,5-10jt,Lulus Terlambat
2.27,3.61,2.67,3.03,3.5,1.64,2.29,115,23.0,Laki-laki,MA,Tidak,Ya,3,5-10jt,Lulus Tepat Waktu
3.72,2.71,2.04,2.12,3.41,2.23,1.96,124,25.0,Laki-laki,MA,Ya,Ya,5,5-10jt,Lulus Terlambat
1.33,1.09,2.74,3.83,3.6,3.11,3.72,71,24.0,Laki-laki,MA,Ya,Tidak,4,2-5jt,Lulus Terlambat
2.48,3.79,1.42,1.5,1.18,1.65,1.57,128,27.0,Laki-laki,SMA,Tidak,Ya,0,5-10jt,Drop Out
1.03,3.07,2.33,2.5,3.08,2.1,2.85,147,23.0,Laki-laki,MA,Tidak,Ya,5,<2jt,Lulus Terlambat
2.41,3.03,2.88,3.07,1.42,2.17,2.22,65,,Perempuan,SMK,Ya,Tidak,1,>10jt,Lulus Terlambat
1.17,1.65,2.47,3.09,2.25,3.93,1.12,148,26.0,Laki-laki,MA,Ya,Ya,4,2-5jt,Lulus Tepat Waktu
1.36,2.98,2.21,2.95,2.65,3.86,2.04,124,18.0,Perempuan,MA,Tidak,Ya,5,5-10jt,Lulus Tepat Waktu
1.35,2.18,3.98,1.83,2.21,3.4,1.8,84,18.0,Laki-laki,MA,Tidak,Tidak,2,<2jt,Drop Out
2.95,2.95,,1.47,2.56,1.72,3.06,60,18.0,Perempuan,MA,Tidak,Ya,1,<2jt,Lulus Terlambat
3.24,1.32,2.87,2.91,3.99,1.2,3.85,91,25.0,Perempuan,SMK,Ya,Ya,1,2-5jt,Lulus Terlambat
2.75,2.97,2.71,2.8,1.41,1.95,1.8,62,29.0,Laki-laki,SMA,Tidak,Tidak,3,2-5jt,Lulus Terlambat
3.89,4.0,,1.54,3.03,1.8,3.43,108,29.0,Perempuan,SMK,Tidak,Tidak,2,5-10jt,Lulus Terlambat
2.12,1.14,1.6,3.12,2.19,2.52,1.17,78,27.0,Perempuan,SMK,Ya,Ya,3,>10jt,Drop Out
1.86,3.93,2.19,2.37,1.4,3.33,2.61,119,24.0,Perempuan,SMA,Tidak,Ya,5,5-10jt,Lulus Terlambat
3.61,2.22,1.12,3.0,1.48,3.57,1.21,88,20.0,Laki-laki,MA,Tidak,Tidak,2,5-10jt,Drop Out
1.67,3.61,2.43,3.51,3.85,3.53,3.8,109,19.0,Perempuan,SMA,Tidak,Ya,1,2-5jt,Lulus Terlambat
3.89,3.35,2.63,1.51,3.64,2.08,3.3,61,21.0,Perempuan,SMA,Tidak,Ya,3,5-10jt,Lulus Terlambat
1.04,2.7,1.68,1.06,3.72,3.06,2.97,132,20.0,Laki-laki,SMK,Ya,Ya,4,5-10jt,Lulus Terlambat
3.91,3.22,3.89,3.34,3.97,1.94,3.47,115,24.0,Perempuan,SMA,Tidak,Tidak,2,>10jt,Lulus Terlambat
1.13,3.64,3.73,2.83,1.62,1.18,2.94,76,27.0,Perempuan,MA,Tidak,Ya,1,,Drop Out
3.67,2.21,3.17,3.1,2.07,3.1,3.91,119,25.0,Perempuan,SMK,Tidak,Ya,0,<2jt,Lulus Tepat Waktu
2.58,1.98,2.6,3.51,3.01,1.03,3.14,95,23.0,Laki-laki,MA,Tidak,Tidak,2,>10jt,Lulus Terlambat
3.98,3.0,3.61,3.41,2.45,2.23,3.77,120,20.0,Perempuan,SMK,Tidak,Tidak,2,<2jt,Lulus Terlambat
1.22,3.42,1.39,3.88,2.26,1.99,2.55,76,23.0,Laki-laki,MA,Tidak,Tidak,5,5-10jt,Lulus Terlambat
2.66,3.29,3.37,2.61,2.07,3.08,1.35,108,19.0,Perempuan,SMA,Ya,Ya,4,>10jt,Lulus Tepat Waktu
3.91,3.39,1.37,2.47,2.78,3.3,2.58,135,29.0,Perempuan,SMA,Ya,Ya,5,>10jt,Lulus Terlambat
2.57,2.31,3.38,2.21,2.73,1.91,1.38,119,24.0,Perempuan,SMA,Ya,Tidak,2,2-5jt,Lulus Terlambat
2.89,3.45,1.83,1.46,1.48,3.43,2.78,79,28.0,Perempuan,MA,Tidak,Ya,2,<2jt,Lulus Terlambat
3.09,1.36,3.63,2.72,2.42,1.88,2.45,109,27.0,Laki-laki,SMK,Tidak,Ya,4,2-5jt,Lulus Tepat Waktu
2.36,2.63,3.83,1.83,2.66,2.34,2.87,62,24.0,Perempuan,SMK,Tidak,Ya,4,5-10jt,Lulus Terlambat
2.88,1.02,1.45,3.76,2.71,3.18,1.03,102,21.0,Laki-laki,SMK,Ya,Ya,3,>10jt,Drop Out
2.75,1.97,2.39,2.75,1.63,3.08,1.58,116,25.0,Perempuan,SMA,Tidak,Tidak,1,5-10jt,Drop Out
3.7,2.1,3.94,2.78,3.23,3.96,2.47,109,21.0,Laki-laki,MA,Ya,Tidak,1,<2jt,Drop Out
1.14,2.19,2.45,2.06,1.08,1.68,3.85,127,24.0,Perempuan,SMK,Tidak,Ya,3,2-5jt,Lulus Terlambat
1.84,3.09,3.59,1.16,2.06,2.99,2.15,140,21.0,Perempuan,MA,Tidak,Tidak,1,<2jt,Lulus Tepat Waktu
3.85,2.17,2.77,1.1,3.34,2.83,2.27,109,29.0,Laki-laki,SMK,Ya,Ya,2,5-10jt,Drop Out
3.67,2.35,2.13,2.27,2.69,3.75,3.14,96,22.0,Laki-laki,SMA,Ya,Ya,3,,Lulus Tepat Waktu
2.37,1.71,1.86,1.25,1.78,1.47,2.81,105,24.0,Laki-laki,MA,Ya,Tidak,3,<2jt,Lulus Terlambat
2.86,2.12,1.61,2.82,3.08,3.26,1.9,101,27.0,Laki-laki,SMK,Ya,Tidak,1,5-10jt,Drop Out
1.83,1.68,,3.64,2.7,2.7,2.23,74,20.0,Perempuan,SMK,Ya,Ya,0,<2jt,Lulus Terlambat
1.56,1.22,2.16,3.65,3.39,1.82,1.65,92,27.0,Laki-laki,SMK,Ya,Ya,1,>10jt,Drop Out
2.39,2.81,2.53,2.98,3.21,2.42,3.9,139,22.0,Laki-laki,SMK,Tidak,Ya,5,2-5jt,Lulus Tepat Waktu
2.06,3.0,2.48,1.63,2.83,2.0,1.39,70,28.0,Laki-laki,SMA,Ya,Ya,0,2-5jt,Lulus Terlambat
2.75,2.86,2.73,3.59,2.46,2.74,2.12,79,20.0,Perempuan,SMK,Tidak,Tidak,3,2-5jt,Lulus Terlambat
1.23,2.39,,3.66,1.4,3.67,1.08,83,22.0,Perempuan,SMK,Tidak,Tidak,0,>10jt,Drop Out
3.92,2.14,3.94,1.59,1.78,2.71,1.67,123,20.0,Perempuan,SMA,Tidak,Ya,2,2-5jt,Lulus Terlambat
3.96,3.59,2.22,3.21,2.26,2.9,3.34,139,28.0,Perempuan,SMK,Tidak,Ya,4,>10jt,Lulus Tepat Waktu
3.09,2.56,3.48,1.86,2.8,2.56,1.6,153,27.0,Laki-laki,MA,Tidak,Tidak,0,2-5jt,Lulus Terlambat
2.61,2.44,3.29,3.41,2.54,1.15,1.24,157,28.0,Perempuan,MA,Ya,Ya,5,<2jt,Lulus Tepat Waktu
1.93,1.08,2.72,3.99,1.86,1.7,2.42,124,24.0,Laki-laki,SMK,Ya,Tidak,4,<2jt,Lulus Terlambat
3.44,2.02,3.87,1.09,1.02,2.48,1.03,147,18.0,Perempuan,SMA,Ya,Ya,2,<2jt,Lulus Terlambat
3.05,2.14,1.6,3.69,2.49,1.93,1.25,147,26.0,Laki-laki,SMA,Tidak,Tidak,5,<2jt,Lulus Terlambat
1.49,2.2,1.33,2.87,1.86,1.55,3.42,132,26.0,Laki-laki,SMA,Ya,Ya,4,>10jt,Lulus Terlambat
3.73,2.74,3.56,3.92,3.2,2.51,3.31,145,22.0,Laki-laki,SMK,Tidak,Ya,2,5-10jt,Lulus Tepat Waktu
3.47,2.6,2.32,2.4,1.07,1.97,3.75,135,26.0,Laki-laki,SMK,Tidak,Ya,4,5-10jt,Lulus Terlambat
3.85,2.82,3.54,3.54,2.75,1.77,3.56,76,27.0,Laki-laki,MA,Tidak,Tidak,4,<2jt,Lulus Terlambat
3.18,3.29,3.68,1.19,3.82,2.39,3.05,148,23.0,Perempuan,SMA,Tidak,Tidak,1,5-10jt,Lulus Terlambat
2.84,3.44,1.19,2.01,1.52,1.4,1.16,151,22.0,Laki-laki,SMK,Ya,Ya,5,5-10jt,Lulus Tepat Waktu
2.25,3.15,3.65,1.2,2.41,3.78,3.35,120,20.0,Laki-laki,SMK,Ya,Ya,5,2-5jt,Lulus Tepat Waktu
3.8,3.87,2.34,3.93,1.27,3.6,3.54,74,28.0,Laki-laki,SMK,Ya,Ya,0,>10jt,Lulus Tepat Waktu
3.6,1.05,2.53,3.45,2.88,3.12,3.4,153,28.0,Laki-laki,SMA,Ya,Ya,5,<2jt,Lulus Tepat Waktu
1.14,1.59,2.88,3.56,2.65,1.32,2.53,110,25.0,Perempuan,SMA,Ya,Tidak,5,5-10jt,Lulus Terlambat
1.08,1.02,3.78,3.81,2.22,3.33,1.7,86,21.0,Perempuan,MA,Tidak,Tidak,4,5-10jt,Lulus Terlambat
2.13,2.94,1.06,1.26,2.56,3.42,3.54,145,27.0,Laki-laki,SMA,Ya,Tidak,3,<2jt,Lulus Terlambat
3.43,3.69,2.43,2.16,3.69,3.3,3.18,133,20.0,Laki-laki,SMK,Tidak,Ya,1,2-5jt,Lulus Tepat Waktu
3.96,1.73,3.06,1.21,1.59,1.34,3.94,120,23.0,Laki-laki,MA,Tidak,Ya,0,<2jt,Lulus Terlambat
1.45,3.78,3.17,1.63,1.07,2.93,1.47,117,25.0,Laki-laki,SMA,Tidak,Tidak,1,2-5jt,Drop Out
2.78,1.18,3.08,1.69,3.58,3.5,1.68,90,26.0,Perempuan,SMA,Ya,Ya,0,5-10jt,Lulus Terlambat
2.14,3.8,1.4,2.41,2.73,2.73,1.64,150,23.0,Perempuan,SMA,Tidak,Tidak,2,>10jt,Lulus Tepat Waktu
3.91,2.05,1.9,1.81,3.67,2.94,3.38,71,22.0,Laki-laki,SMA,Tidak,Tidak,4,2-5jt,Lulus Terlambat
3.53,1.3,2.08,1.3,2.79,2.38,1.56,105,29.0,Laki-laki,SMK,Ya,Tidak,5,2-5jt,Drop Out
3.51,2.46,3.41,1.5,3.43,2.59,1.2,90,28.0,Laki-laki,SMA,Tidak,Tidak,5,<2jt,Drop Out
2.41,1.77,1.84,1.44,2.29,1.1,4.0,91,19.0,Laki-laki,SMK,Tidak,Ya,3,5-10jt,Lulus Terlambat
2.24,1.85,1.63,3.92,3.25,2.92,1.07,91,19.0,Laki-laki,SMK,Tidak,Tidak,1,>10jt,Lulus Terlambat
1.82,1.92,3.87,3.28,3.74,1.24,3.51,158,26.0,Perempuan,SMK,Ya,Ya,1,<2jt,Lulus Tepat Waktu
1.17,3.41,1.03,3.9,2.72,2.31,2.1,112,19.0,Perempuan,MA,Tidak,Tidak,1,<2jt,Lulus Terlambat
3.59,2.62,3.99,2.32,1.54,1.88,3.52,120,19.0,Laki-laki,SMK,Tidak,Tidak,5,>10jt,Drop Out
3.44,1.93,3.03,1.84,1.81,2.64,2.66,105,20.0,Perempuan,SMA,Ya,Tidak,1,,Lulus Terlambat
4.0,2.83,3.49,3.39,1.6,1.4,3.7,144,20.0,Perempuan,MA,Ya,Tidak,4,>10jt,Lulus Tepat Waktu
3.99,3.15,1.88,1.98,1.74,3.07,3.78,133,21.0,Perempuan,SMA,Tidak,Ya,0,<2jt,Lulus Tepat Waktu
2.67,1.82,1.04,1.9,1.92,3.39,1.03,139,24.0,Laki-laki,SMK,Ya,Ya,5,<2jt,Lulus Tepat Waktu
3.31,2.24,3.21,1.7,2.67,1.49,1.23,66,26.0,Perempuan,SMA,Ya,Ya,4,2-5jt,Drop Out
3.83,1.37,3.5,1.39,2.76,1.31,1.75,63,19.0,Perempuan,MA,Ya,Ya,2,>10jt,Drop Out
3.55,1.54,3.22,1.77,2.28,1.44,3.01,150,21.0,Laki-laki,MA,Ya,Tidak,4,>10jt,Lulus Terlambat
1.74,3.04,1.43,2.07,2.85,3.63,3.66,111,26.0,Perempuan,SMA,Ya,Ya,4,>10jt,Lulus Terlambat
2.35,1.54,3.26,3.02,1.24,2.58,2.38,148,19.0,Laki-laki,SMA,Ya,Ya,2,<2jt,Lulus Tepat Waktu
1.39,2.58,3.31,1.19,1.26,2.4,2.82,90,27.0,Perempuan,SMA,Ya,Tidak,4,5-10jt,Drop Out
3.86,3.13,2.98,1.63,1.52,1.32,1.57,134,28.0,Laki-laki,MA,Tidak,Ya,0,<2jt,Lulus Terlambat
2.82,1.32,3.3,3.43,2.55,2.95,3.41,143,18.0,Laki-laki,SMK,Ya,Ya,5,2-5jt,Lulus Terlambat
1.69,2.7,3.54,1.44,1.64,3.6,3.9,95,27.0,Perempuan,SMA,Ya,Ya,3,<2jt,Lulus Terlambat
3.02,1.77,2.84,2.03,1.85,3.48,1.81,113,25.0,Perempuan,SMK,Ya,Ya,2,<2jt,Lulus Terlambat
2.85,3.89,1.27,3.59,2.2,2.88,2.48,113,26.0,Laki-laki,MA,Tidak,Tidak,5,<2jt,Lulus Terlambat
2.07,2.45,2.46,1.46,3.44,1.23,1.26,76,24.0,Laki-laki,SMA,Ya,Tidak,1,2-5jt,Drop Out
1.34,3.42,1.23,1.25,1.04,1.34,2.68,134,25.0,Perempuan,SMA,Ya,Ya,0,>10jt,Lulus Tepat Waktu
3.01,2.65,2.22,2.45,2.95,1.15,2.51,89,21.0,Perempuan,MA,Tidak,Tidak,3,5-10jt,Drop Out
2.56,1.13,2.22,1.91,3.01,1.77,1.43,158,21.0,Perempuan,SMA,Ya,Ya,0,5-10jt,Lulus Tepat Waktu
3.32,2.9,1.2,2.69,3.4,1.41,2.33,81,19.0,Perempuan,SMK,Tidak,Ya,0,2-5jt,Drop Out
2.56,3.85,2.05,3.41,3.8,1.78,2.0,102,25.0,Laki-laki,MA,Tidak,Ya,1,>10jt,Lulus Terlambat
3.56,2.8,1.33,1.41,1.06,2.16,2.57,86,28.0,Laki-laki,MA,Ya,Tidak,3,>10jt,Drop Out
2.66,3.46,3.42,2.74,1.46,3.83,2.76,96,19.0,Laki-laki,SMA,Tidak,Tidak,0,2-5jt,Drop Out
2.68,3.65,3.84,2.52,3.66,2.83,1.03,105,26.0,Perempuan,MA,Ya,Tidak,1,<2jt,Lulus Terlambat
3.63,1.68,1.22,1.43,2.38,3.5,3.28,94,21.0,Perempuan,SMA,Ya,Tidak,2,>10jt,Lulus Terlambat
2.21,1.64,3.87,2.87,2.69,3.13,3.14,63,18.0,Laki-laki,SMA,Tidak,Tidak,1,5-10jt,Lulus Terlambat
1.4,2.83,2.57,1.82,2.99,1.34,2.1,139,21.0,Laki-laki,MA,Tidak,Tidak,4,2-5jt,Drop Out
1.09,2.23,1.9,2.46,3.04,3.21,1.16,139,20.0,Laki-laki,SMA,Ya,Ya,5,5-10jt,Lulus Terlambat
3.27,3.52,1.23,1.25,3.8,1.83,3.26,144,29.0,Laki-laki,SMK,Ya,Tidak,1,<2jt,Lulus Terlambat
2.86,3.7,2.5,2.38,3.99,2.92,3.87,85,23.0,Laki-laki,SMK,Tidak,Ya,1,2-5jt,Lulus Tepat Waktu
3.11,2.06,3.38,1.92,3.16,2.02,1.72,159,24.0,Laki-laki,SMA,Ya,Ya,1,5-10jt,Lulus Terlambat
1.64,1.71,3.12,3.47,1.86,3.99,1.97,78,25.0,Perempuan,SMK,Ya,Tidak,0,5-10jt,Drop Out
1.41,3.34,1.15,1.17,3.64,1.79,1.55,140,19.0,Laki-laki,SMA,Ya,Ya,3,<2jt,Lulus Tepat Waktu
1.04,1.82,1.22,2.26,1.15,1.84,2.73,104,23.0,Laki-laki,SMK,Tidak,Ya,1,2-5jt,Drop Out
2.05,3.47,2.21,2.38,1.69,3.79,1.46,85,23.0,Laki-laki,MA,Ya,Ya,1,>10jt,Drop Out
2.77,2.27,1.89,3.18,3.69,1.07,2.07,81,27.0,Laki-laki,SMA,Ya,Tidak,4,>10jt,Drop Out
2.18,3.0,1.7,2.72,1.77,3.09,3.09,117,29.0,Laki-laki,SMA,Ya,Tidak,4,5-10jt,Drop Out
2.31,1.29,1.84,3.0,1.66,3.18,2.68,122,22.0,Laki-laki,SMA,Tidak,Ya,2,<2jt,Lulus Tepat Waktu
3.71,2.87,3.41,3.33,1.41,3.51,2.16,87,27.0,Laki-laki,SMA,Tidak,Tidak,2,5-10jt,Lulus Terlambat
2.04,2.36,3.79,3.59,3.58,3.92,2.26,124,27.0,Perempuan,SMA,Tidak,Ya,4,<2jt,Lulus Terlambat
2.54,2.76,2.22,1.94,2.5,3.93,2.69,103,24.0,Laki-laki,SMA,Ya,Tidak,3,>10jt,Lulus Terlambat
3.35,1.5,3.72,2.61,3.02,1.2,1.02,159,20.0,Perempuan,MA,Tidak,Ya,2,5-10jt,Lulus Terlambat
2.19,3.21,1.96,3.52,1.72,3.47,1.24,102,21.0,Perempuan,MA,Ya,Ya,5,5-10jt,Lulus Terlambat
2.87,3.59,2.43,3.97,3.27,2.94,3.64,96,27.0,Perempuan,SMK,Tidak,Tidak,5,<2jt,Lulus Terlambat
3.59,1.65,1.68,3.67,3.28,2.94,1.23,125,26.0,Laki-laki,SMA,Ya,Tidak,3,2-5jt,Drop Out
3.85,1.29,2.92,2.11,1.94,1.39,3.12,76,21.0,Laki-laki,SMK,Tidak,Tidak,4,<2jt,Drop Out
1.44,1.07,3.94,1.59,2.23,2.95,3.76,99,20.0,Laki-laki,SMK,Ya,Tidak,2,2-5jt,Lulus Terlambat
3.78,2.93,2.81,2.47,1.63,3.95,1.81,97,19.0,Laki-laki,MA,Ya,Tidak,1,>10jt,Lulus Terlambat
2.48,2.82,2.07,3.22,3.93,3.74,2.11,144,22.0,Laki-laki,SMK,Tidak,Ya,4,5-10jt,Lulus Tepat Waktu
1.77,2.64,2.94,2.48,2.94,2.32,2.71,120,21.0,Laki-laki,MA,Ya,Ya,2,5-10jt,Lulus Terlambat
2.38,1.7,1.37,2.45,3.8,1.12,3.65,68,25.0,Laki-laki,SMK,Tidak,Ya,3,<2jt,Drop Out
3.94,2.17,3.67,3.51,1.91,2.09,3.83,136,24.0,Laki-laki,SMA,Tidak,Tidak,5,<2jt,Lulus Terlambat
2.48,2.78,2.51,2.08,3.35,3.48,3.22,134,23.0,Laki-laki,SMK,Ya,Tidak,3,>10jt,Lulus Terlambat
1.99,2.49,2.35,3.58,3.3,3.1,1.26,120,28.0,Laki-laki,MA,Ya,Ya,2,>10jt,Lulus Terlambat
2.9,3.96,2.76,2.22,3.07,2.38,3.01,139,29.0,Perempuan,MA,Tidak,Ya,3,2-5jt,Lulus Terlambat
1.72,1.41,2.87,1.98,3.9,1.17,2.23,75,19.0,Laki-laki,MA,Tidak,Ya,2,>10jt,Lulus Terlambat
1.23,3.09,1.22,2.36,2.18,2.28,2.41,61,20.0,Laki-laki,SMK,Tidak,Ya,2,,Drop Out
1.39,2.21,3.05,3.29,1.39,2.41,1.15,131,27.0,Laki-laki,SMK,Ya,Tidak,3,>10jt,Lulus Terlambat
1.38,2.28,1.73,1.38,3.02,3.79,1.57,102,26.0,Perempuan,MA,Tidak,Ya,0,>10jt,Lulus Terlambat
1.46,3.15,,1.59,3.19,2.92,3.37,101,26.0,Laki-laki,SMA,Ya,Tidak,1,2-5jt,Lulus Terlambat
1.42,3.08,3.47,3.85,2.73,1.93,2.36,136,22.0,Laki-laki,SMA,Ya,Ya,4,>10jt,Lulus Terlambat
2.92,3.97,3.41,1.53,1.62,2.58,1.9,116,20.0,Perempuan,SMK,Tidak,Tidak,5,2-5jt,Lulus Terlambat
1.55,1.39,,2.7,2.51,1.2,2.15,140,19.0,Laki-laki,SMK,Tidak,Tidak,1,<2jt,Lulus Terlambat
2.04,1.31,2.56,2.74,1.94,3.92,3.56,147,25.0,Perempuan,MA,Ya,Tidak,4,5-10jt,Lulus Terlambat
3.69,3.17,1.43,2.47,2.28,2.08,3.25,126,23.0,Perempuan,SMK,Ya,Tidak,4,<2jt,Lulus Terlambat
2.42,2.74,3.33,2.93,2.94,2.43,1.82,89,27.0,Perempuan,SMK,Ya,Ya,5,>10jt,Lulus Terlambat
3.0,1.82,1.81,1.69,3.24,2.07,1.35,72,28.0,Perempuan,MA,Ya,Ya,1,5-10jt,Lulus Terlambat
1.52,1.24,2.49,2.66,1.7,3.05,1.76,78,29.0,Laki-laki,MA,Tidak,Ya,5,>10jt,Drop Out
1.58,1.26,1.85,2.12,2.22,2.99,3.76,66,24.0,Perempuan,SMK,Ya,Tidak,2,>10jt,Lulus Terlambat
1.12,3.68,1.4,2.99,1.81,3.15,2.74,68,18.0,Perempuan,SMA,Tidak,Ya,5,<2jt,Drop Out
1.51,1.58,2.89,1.42,1.6,1.8,2.6,142,18.0,Laki-laki,SMK,Tidak,Ya,3,>10jt,Lulus Terlambat
1.84,1.97,1.16,2.71,3.35,1.95,2.79,113,27.0,Laki-laki,SMA,Tidak,Ya,0,<2jt,Lulus Tepat Waktu
1.53,1.68,3.25,1.56,3.73,1.38,2.1,145,19.0,Laki-laki,SMA,Ya,Tidak,0,>10jt,Lulus Tepat Waktu
1.27,2.06,1.95,1.84,2.11,2.97,3.42,141,27.0,Perempuan,SMA,Ya,Tidak,0,2-5jt,Lulus Terlambat
1.36,1.21,1.0,1.66,3.25,1.12,2.57,120,20.0,Laki-laki,MA,Tidak,Tidak,1,5-10jt,Drop Out
2.38,2.56,2.53,1.55,3.69,2.79,1.35,146,29.0,Perempuan,MA,Tidak,Ya,1,<2jt,Lulus Terlambat
1.62,1.2,1.14,3.48,3.54,3.61,1.39,61,18.0,Perempuan,MA,Tidak,Ya,2,<2jt,Drop Out
2.09,3.4,1.83,1.86,1.55,3.67,2.61,109,22.0,Laki-laki,SMK,Tidak,Ya,0,5-10jt,Lulus Terlambat
2.51,1.7,3.12,3.78,3.87,2.35,3.81,134,20.0,Laki-laki,MA,Ya,Tidak,2,<2jt,Lulus Tepat Waktu
3.07,2.62,1.19,3.91,2.13,2.38,1.93,90,18.0,Laki-laki,MA,Tidak,Ya,0,5-10jt,Lulus Tepat Waktu
1.12,3.64,3.52,2.71,2.02,1.23,3.61,92,25.0,Laki-laki,SMK,Ya,Tidak,1,2-5jt,Lulus Terlambat
3.4,2.95,1.01,1.43,1.19,3.01,3.29,137,29.0,Laki-laki,SMK,Ya,Tidak,3,>10jt,Drop Out
2.88,2.6,1.74,2.12,2.46,3.46,1.74,139,28.0,Laki-laki,SMA,Ya,Tidak,3,2-5jt,Lulus Terlambat
1.25,1.97,3.22,3.39,1.33,1.73,1.11,70,23.0,Perempuan,SMK,Ya,Tidak,3,>10jt,Drop Out
3.62,2.0,1.95,2.1,1.75,2.26,1.31,92,26.0,Perempuan,SMK,Tidak,Ya,5,5-10jt,Lulus Terlambat
3.76,3.01,1.31,1.26,1.95,3.52,3.19,66,20.0,Laki-laki,MA,Ya,Ya,3,2-5jt,Drop Out
1.18,3.98,2.08,2.67,3.43,3.63,1.6,90,26.0,Perempuan,SMA,Tidak,Tidak,4,>10jt,Lulus Terlambat
1.83,2.99,1.81,3.54,3.63,1.73,2.11,107,26.0,Perempuan,SMA,Ya,Ya,0,5-10jt,Lulus Tepat Waktu
3.42,2.67,3.53,3.39,1.91,2.65,2.51,106,29.0,Perempuan,SMK,Tidak,Tidak,3,>10jt,Drop Out
3.24,3.19,1.94,1.53,3.58,1.58,3.18,137,29.0,Perempuan,MA,Tidak,Ya,4,<2jt,Lulus Terlambat
1.55,2.4,3.37,3.02,3.57,1.31,1.34,151,18.0,Perempuan,MA,Tidak,Ya,4,<2jt,Lulus Terlambat
1.63,1.18,3.68,1.66,3.29,3.73,2.22,112,20.0,Perempuan,MA,Tidak,Tidak,4,5-10jt,Lulus Terlambat
2.11,2.69,2.3,1.65,1.44,3.46,2.46,139,23.0,Laki-laki,MA,Tidak,Tidak,2,>10jt,Lulus Terlambat
2.45,3.87,3.73,3.62,3.07,3.28,2.62,78,25.0,Laki-laki,SMK,Ya,Tidak,2,<2jt,Drop Out
2.85,1.53,2.13,1.75,3.84,1.15,3.46,140,21.0,Laki-laki,MA,Tidak,Tidak,4,2-5jt,Lulus Terlambat
2.11,3.07,3.89,1.79,3.05,3.53,1.52,149,22.0,Perempuan,SMA,Ya,Ya,5,>10jt,Lulus Tepat Waktu
2.39,1.6,1.27,1.0,1.99,2.31,3.42,65,26.0,Laki-laki,SMA,Tidak,Tidak,3,>10jt,Drop Out
3.24,2.61,3.06,3.61,2.5,2.03,3.08,108,23.0,Laki-laki,SMK,Ya,Ya,0,<2jt,Lulus Terlambat
1.11,1.29,2.48,3.38,2.94,2.64,2.67,132,29.0,Laki-laki,MA,Ya,Tidak,5,<2jt,Lulus Terlambat
1.76,2.35,2.16,2.88,2.53,1.27,3.1,109,24.0,Perempuan,MA,Ya,Ya,1,5-10jt,Drop Out
3.14,3.27,2.9,3.25,1.36,3.27,2.24,140,24.0,Laki-laki,MA,Tidak,Tidak,2,>10jt,Drop Out
3.69,2.04,3.11,1.46,1.94,2.75,1.42,154,21.0,Perempuan,MA,Ya,Ya,3,2-5jt,Lulus Terlambat
2.54,2.99,1.01,2.37,3.41,1.56,3.0,71,21.0,Laki-laki,SMK,Tidak,Ya,3,<2jt,Lulus Terlambat
2.6,3.39,1.5,2.05,3.58,1.56,2.57,82,,Laki-laki,MA,Tidak,Ya,1,>10jt,Lulus Terlambat
1.32,3.78,3.14,1.28,1.41,1.55,2.92,113,28.0,Laki-laki,SMK,Ya,Tidak,1,<2jt,Lulus Terlambat
2.34,1.7,3.0,2.46,3.86,1.17,2.01,128,22.0,Perempuan,MA,Ya,Tidak,3,5-10jt,Lulus Tepat Waktu
2.6,2.2,3.9,3.76,1.99,2.76,3.72,159,22.0,Perempuan,MA,Tidak,Tidak,1,>10jt,Lulus Terlambat
1.73,1.46,3.28,1.12,2.99,3.52,2.76,118,25.0,Perempuan,SMA,Tidak,Tidak,3,>10jt,Drop Out
1.81,3.98,3.85,1.87,3.26,1.05,1.26,95,26.0,Perempuan,SMK,Tidak,Ya,5,5-10jt,Lulus Terlambat
2.13,3.78,3.11,1.62,3.44,1.15,2.35,62,19.0,Perempuan,SMA,Tidak,Ya,1,2-5jt,Lulus Terlambat
1.06,2.62,1.89,1.71,3.84,2.72,3.27,117,28.0,Laki-laki,SMK,Tidak,Ya,5,<2jt,Lulus Terlambat
1.97,3.53,1.32,3.73,1.94,3.46,3.38,147,24.0,Laki-laki,MA,Tidak,Tidak,5,5-10jt,Lulus Tepat Waktu
1.63,2.56,3.35,2.4,3.58,1.98,2.48,114,18.0,Perempuan,MA,Ya,Ya,1,>10jt,Lulus Terlambat
1.98,2.87,2.93,2.4,1.4,2.05,3.68,116,18.0,Perempuan,SMK,Tidak,Ya,3,5-10jt,Lulus Terlambat
1.36,1.27,1.14,3.28,3.12,2.79,1.8,76,21.0,Laki-laki,SMA,Tidak,Tidak,4,>10jt,Drop Out
3.67,3.27,2.08,1.46,3.23,1.82,2.23,98,27.0,Perempuan,SMK,Ya,Tidak,3,5-10jt,Drop Out
2.78,1.38,3.87,2.46,3.03,1.08,3.7,149,24.0,Laki-laki,SMK,Ya,Ya,0,2-5jt,Lulus Terlambat
3.04,3.48,2.5,2.29,1.76,3.21,3.69,127,19.0,Perempuan,MA,Ya,Tidak,1,>10jt,Lulus Terlambat
3.37,3.35,2.3,2.79,3.62,2.88,3.06,114,28.0,Laki-laki,SMA,Tidak,Tidak,2,5-10jt,Lulus Tepat Waktu
2.5,3.13,2.37,4.0,1.51,2.74,3.58,104,19.0,Perempuan,SMK,Ya,Tidak,1,2-5jt,Lulus Terlambat
1.26,1.11,1.63,3.31,1.16,3.23,1.27,135,18.0,Perempuan,SMA,Ya,Tidak,0,2-5jt,Lulus Terlambat
2.61,1.91,2.11,2.19,3.15,3.03,3.59,60,27.0,Laki-laki,SMA,Tidak,Ya,5,<2jt,Drop Out
2.76,1.79,2.11,3.48,2.43,1.62,1.96,80,19.0,Laki-laki,SMK,Tidak,Ya,2,>10jt,Lulus Terlambat
3.24,2.08,1.16,1.51,3.55,2.06,1.53,142,24.0,Perempuan,SMA,Tidak,Ya,2,<2jt,Drop Out
2.29,1.26,3.3,1.09,2.15,1.38,1.72,80,26.0,Perempuan,MA,Tidak,Ya,3,2-5jt,Drop Out
1.38,3.81,2.25,1.61,1.5,1.39,2.25,111,23.0,Laki-laki,MA,Ya,Ya,4,<2jt,Lulus Tepat Waktu
1.85,2.66,3.47,2.02,3.51,3.03,1.75,141,27.0,Perempuan,MA,Tidak,Tidak,3,<2jt,Lulus Tepat Waktu
2.09,1.92,3.55,2.53,2.65,3.58,1.96,102,19.0,Laki-laki,MA,Ya,Ya,2,5-10jt,Lulus Tepat Waktu
2.94,2.19,1.64,2.85,1.57,3.89,1.4,111,,Laki-laki,SMA,Tidak,Ya,2,<2jt,Lulus Terlambat
2.71,2.34,2.97,3.73,3.16,2.89,1.89,126,27.0,Perempuan,MA,Ya,Tidak,4,2-5jt,Lulus Terlambat
2.07,2.8,,2.53,2.53,1.55,2.72,103,27.0,Laki-laki,SMK,Tidak,Tidak,1,<2jt,Lulus Terlambat
3.96,2.55,3.64,2.5,2.81,1.32,2.33,91,26.0,Laki-laki,MA,Tidak,Tidak,4,>10jt,Lulus Terlambat
2.82,3.76,1.65,1.15,2.38,3.44,2.04,69,24.0,Perempuan,SMK,Tidak,Ya,5,5-10jt,Drop Out
1.71,2.49,3.03,1.1,3.49,2.74,3.24,123,28.0,Laki-laki,SMK,Ya,Tidak,3,2-5jt,Drop Out
1.31,3.98,2.82,2.65,3.49,2.85,3.68,138,18.0,Laki-laki,MA,Ya,Tidak,1,<2jt,Lulus Tepat Waktu
1.46,3.55,1.89,2.31,3.13,3.34,3.27,128,29.0,Laki-laki,MA,Ya,Tidak,3,>10jt,Lulus Tepat Waktu
1.74,1.63,1.41,3.52,1.32,3.11,2.0,127,26.0,Laki-laki,SMA,Tidak,Ya,4,2-5jt,Lulus Terlambat
1.48,3.79,2.95,1.48,3.52,3.5,3.23,87,19.0,Perempuan,SMK,Ya,Tidak,1,<2jt,Drop Out
1.56,1.35,3.22,1.07,3.01,1.17,1.46,112,21.0,Laki-laki,MA,Tidak,Tidak,4,5-10jt,Drop Out
1.86,3.45,1.95,2.35,3.09,3.24,1.39,110,26.0,Perempuan,SMA,Tidak,Ya,5,<2jt,Lulus Terlambat
1.52,2.14,2.93,1.71,2.09,3.55,2.04,112,21.0,Laki-laki,MA,Tidak,Tidak,0,2-5jt,Drop Out
3.69,3.63,2.19,1.15,3.64,1.86,3.42,63,20.0,Perempuan,MA,Ya,Ya,2,2-5jt,Drop Out
1.24,3.6,3.14,3.17,3.18,2.92,1.74,138,18.0,Laki-laki,MA,Tidak,Ya,1,2-5jt,Lulus Terlambat
2.57,3.42,1.6,1.33,1.34,1.94,1.19,76,24.0,Perempuan,SMK,Ya,Tidak,2,>10jt,Drop Out
2.23,3.37,3.67,2.82,2.22,3.87,1.4,126,23.0,Laki-laki,MA,Tidak,Ya,0,<2jt,Lulus Terlambat
3.95,1.91,1.86,1.84,3.66,1.1,3.58,133,27.0,Laki-laki,SMA,Tidak,Tidak,1,<2jt,Drop Out
1.34,1.24,2.1,1.52,1.14,2.74,2.9,106,21.0,Laki-laki,MA,Tidak,Tidak,2,<2jt,Lulus Terlambat
2.19,2.21,1.17,2.14,3.88,1.5,1.76,115,23.0,Laki-laki,MA,Ya,Tidak,2,5-10jt,Drop Out
3.91,1.52,1.33,3.4,3.04,3.14,2.67,82,23.0,Perempuan,SMA,Ya,Tidak,1,>10jt,Lulus Terlambat
3.6,3.08,2.55,2.18,2.89,1.53,2.58,77,21.0,Perempuan,SMA,Tidak,Ya,2,>10jt,Lulus Terlambat
3.45,2.04,1.8,3.25,1.81,1.71,2.97,60,23.0,Laki-laki,SMK,Ya,Tidak,2,5-10jt,Drop Out
1.77,3.93,3.51,1.38,1.75,2.48,1.7,94,27.0,Perempuan,SMK,Ya,Tidak,1,>10jt,Lulus Terlambat
1.51,2.92,1.04,3.32,3.83,3.74,3.59,123,28.0,Laki-laki,SMK,Tidak,Tidak,2,5-10jt,Lulus Terlambat
3.01,3.47,2.14,1.71,1.89,1.64,1.93,117,25.0,Laki-laki,SMK,Tidak,Ya,2,2-5jt,Lulus Terlambat
3.79,1.4,2.01,3.03,3.33,1.43,3.08,154,20.0,Perempuan,SMA,Ya,Ya,3,2-5jt,Lulus Tepat Waktu
2.67,3.59,1.06,2.7,2.18,3.28,1.05,118,21.0,Perempuan,MA,Tidak,Tidak,5,>10jt,Drop Out
2.71,3.77,1.37,3.79,1.42,2.5,2.12,60,27.0,Perempuan,MA,Tidak,Ya,3,2-5jt,Lulus Terlambat
1.84,2.46,2.24,2.16,1.03,3.74,2.06,62,29.0,Laki-laki,MA,Ya,Ya,0,2-5jt,Drop Out
3.31,2.82,2.48,1.2,2.63,1.44,2.63,126,18.0,Laki-laki,SMK,Ya,Tidak,3,2-5jt,Lulus Terlambat
1.56,3.29,2.21,1.06,3.93,2.94,1.22,96,21.0,Perempuan,SMA,Tidak,Tidak,3,<2jt,Drop Out
1.97,1.52,2.59,3.48,2.11,1.7,3.37,142,28.0,Laki-laki,SMA,Ya,Tidak,0,2-5jt,Lulus Terlambat
2.28,2.51,2.79,2.57,2.07,1.47,1.65,88,27.0,Perempuan,SMA,Ya,Tidak,2,<2jt,Drop Out
2.52,2.2,1.03,3.33,2.03,3.05,3.03,148,27.0,Perempuan,MA,Tidak,Tidak,2,5-10jt,Lulus Terlambat
1.73,1.44,2.39,1.7,2.56,2.78,3.41,92,29.0,Perempuan,SMK,Tidak,Ya,3,5-10jt,Lulus Terlambat
1.34,2.1,3.89,2.04,2.32,3.26,2.69,159,26.0,Perempuan,SMA,Tidak,Tidak,0,5-10jt,Drop Out
2.83,1.2,2.56,1.09,3.64,1.93,3.22,120,25.0,Perempuan,SMK,Tidak,Tidak,2,,Lulus Terlambat
1.87,1.08,3.03,3.88,2.52,2.34,2.99,152,28.0,Perempuan,SMA,Ya,Tidak,4,5-10jt,Lulus Tepat Waktu
2.74,1.41,1.94,3.0,2.52,2.22,2.07,149,21.0,Laki-laki,SMK,Ya,Tidak,1,2-5jt,Lulus Tepat Waktu
1.46,3.89,3.32,3.8,1.42,3.95,3.43,63,29.0,Laki-laki,SMA,Tidak,Tidak,1,2-5jt,Drop Out
2.44,2.65,3.32,1.8,3.95,1.88,1.88,73,24.0,Perempuan,SMK,Tidak,Ya,5,2-5jt,Lulus Terlambat
2.6,3.9,2.56,2.83,1.75,1.88,2.71,150,27.0,Perempuan,SMA,Tidak,Tidak,1,5-10jt,Drop Out
1.16,2.3,3.93,3.04,1.22,2.06,3.24,92,20.0,Perempuan,SMA,Tidak,Ya,3,5-10jt,Drop Out
2.01,1.94,1.38,1.95,2.99,2.69,2.14,81,26.0,Laki-laki,SMK,Ya,Tidak,1,<2jt,Drop Out
1.4,2.52,1.05,3.54,2.79,1.76,1.91,107,27.0,Perempuan,SMK,Ya,Tidak,1,>10jt,Lulus Terlambat
1.19,2.32,3.31,3.84,2.25,3.75,2.38,62,21.0,Perempuan,MA,Tidak,Tidak,4,2-5jt,Lulus Terlambat
3.97,1.32,3.42,3.65,2.27,1.8,3.45,146,19.0,Perempuan,SMK,Tidak,Ya,2,>10jt,Lulus Terlambat
1.97,2.92,1.36,3.22,3.36,3.69,3.79,144,,Laki-laki,SMA,Ya,Tidak,4,5-10jt,Lulus Terlambat
3.43,1.65,1.8,1.83,1.59,1.31,2.64,82,22.0,Perempuan,SMA,Ya,Tidak,3,5-10jt,Drop Out
1.76,2.86,1.05,1.84,3.46,2.97,2.98,127,19.0,Laki-laki,SMK,Ya,Tidak,1,5-10jt,Lulus Terlambat
3.04,2.95,1.88,3.89,2.95,3.72,3.71,80,27.0,Laki-laki,MA,Ya,Tidak,2,>10jt,Lulus Terlambat
3.28,1.46,3.32,1.03,2.26,1.51,1.3,102,23.0,Perempuan,SMK,Tidak,Tidak,5,<2jt,Lulus Terlambat
2.79,1.18,2.55,3.15,2.37,3.9,1.7,154,28.0,Laki-laki,SMA,Ya,Tidak,5,5-10jt,Lulus Terlambat
2.41,3.34,2.04,3.12,1.77,2.36,3.13,144,27.0,Laki-laki,SMA,Ya,Tidak,1,<2jt,Lulus Terlambat
2.24,2.38,2.12,2.87,3.26,3.84,3.47,85,18.0,Laki-laki,MA,Ya,Ya,1,<2jt,Lulus Terlambat
2.05,1.17,1.0,3.97,2.54,3.03,3.57,100,23.0,Perempuan,SMK,Tidak,Tidak,5,2-5jt,Lulus Terlambat
3.79,3.98,1.9,1.94,1.96,1.9,2.25,158,21.0,Laki-laki,SMA,Tidak,Tidak,5,>10jt,Lulus Terlambat
3.49,1.17,2.94,2.02,2.79,1.56,1.27,97,20.0,Perempuan,SMA,Ya,Tidak,3,5-10jt,Drop Out
3.9,3.09,3.92,1.24,3.99,1.91,2.31,147,19.0,Perempuan,SMA,Ya,Ya,1,<2jt,Lulus Tepat Waktu
1.37,3.95,3.54,2.33,2.31,1.28,1.69,70,24.0,Perempuan,SMK,Tidak,Ya,5,>10jt,Drop Out
3.19,1.72,1.07,1.78,3.76,1.43,1.87,88,26.0,Laki-laki,SMK,Tidak,Tidak,0,>10jt,Drop Out
3.82,1.43,3.7,2.03,2.04,1.31,3.32,119,29.0,Perempuan,MA,Ya,Ya,5,5-10jt,Lulus Terlambat
1.54,1.36,3.35,3.5,1.16,2.27,1.23,126,20.0,Laki-laki,SMA,Tidak,Tidak,2,2-5jt,Drop Out
1.2,1.91,3.34,3.81,1.61,3.39,3.48,124,23.0,Laki-laki,SMA,Ya,Tidak,2,2-5jt,Lulus Terlambat
3.22,1.3,2.37,1.56,2.26,1.42,2.28,120,26.0,Laki-laki,MA,Tidak,Ya,0,<2jt,Lulus Terlambat
2.72,3.08,2.19,2.12,1.66,1.39,2.79,78,19.0,Laki-laki,SMA,Ya,Tidak,3,2-5jt,Drop Out
3.53,1.19,1.91,3.79,1.0,2.93,1.27,105,24.0,Perempuan,MA,Ya,Ya,1,2-5jt,Drop Out
1.42,2.53,1.2,1.19,3.75,1.59,2.01,108,22.0,Perempuan,MA,Tidak,Ya,1,2-5jt,Lulus Terlambat
3.39,3.99,1.68,1.28,3.53,1.29,1.27,81,22.0,Laki-laki,SMA,Ya,Ya,5,>10jt,Lulus Terlambat
1.6,3.44,1.74,1.49,3.23,1.5,3.88,137,28.0,Perempuan,SMK,Tidak,Tidak,2,5-10jt,Drop Out
1.49,2.85,2.45,2.79,1.5,3.77,3.42,116,24.0,Perempuan,SMK,Tidak,Tidak,3,>10jt,Lulus Terlambat
1.49,1.92,3.24,1.45,1.36,3.46,2.38,73,26.0,Perempuan,SMK,Tidak,Tidak,3,>10jt,Drop Out
3.44,2.87,2.42,3.9,1.2,2.06,1.67,103,21.0,Laki-laki,SMK,Ya,Tidak,3,5-10jt,Drop Out
3.0,2.58,1.17,2.34,3.17,2.97,3.8,75,26.0,Perempuan,SMA,Ya,Tidak,5,>10jt,Lulus Terlambat
2.57,2.28,3.87,2.5,3.79,2.61,2.03,156,28.0,Laki-laki,MA,Ya,Tidak,1,<2jt,Lulus Terlambat
2.08,1.39,3.83,1.74,2.29,3.03,1.48,136,27.0,Perempuan,MA,Tidak,Tidak,3,<2jt,Lulus Terlambat
3.63,3.66,3.36,2.41,1.36,3.05,2.69,71,26.0,Laki-laki,SMA,Ya,Ya,5,>10jt,Drop Out
2.18,2.35,3.97,2.99,2.54,2.89,3.83,114,21.0,Laki-laki,SMK,Ya,Tidak,5,2-5jt,Lulus Terlambat
3.45,1.58,2.63,3.25,2.05,1.8,1.01,110,20.0,Laki-laki,MA,Ya,Tidak,0,>10jt,Lulus Terlambat
2.32,2.1,3.89,3.26,2.12,1.12,1.71,98,19.0,Perempuan,SMA,Ya,Tidak,4,2-5jt,Lulus Terlambat
2.13,2.24,1.23,2.73,2.86,2.37,3.82,92,26.0,Laki-laki,SMA,Tidak,Ya,3,>10jt,Lulus Terlambat
2.39,3.48,2.1,3.71,3.16,3.67,1.51,92,29.0,Perempuan,SMK,Ya,Ya,4,<2jt,Lulus Terlambat
1.9,3.2,1.68,3.45,1.33,2.71,1.34,88,19.0,Laki-laki,SMA,Tidak,Ya,1,2-5jt,Drop Out
3.24,3.31,1.59,3.27,1.11,3.5,2.71,128,23.0,Perempuan,MA,Tidak,Tidak,5,<2jt,Drop Out
2.51,1.03,1.42,1.17,3.98,3.97,3.59,129,22.0,Laki-laki,MA,Tidak,Ya,3,>10jt,Lulus Terlambat
1.7,2.25,2.87,1.02,1.7,1.49,2.43,90,22.0,Perempuan,SMA,Tidak,Ya,2,5-10jt,Drop Out
3.7,2.44,3.34,1.64,1.16,3.08,3.98,139,21.0,Laki-laki,MA,Ya,Tidak,1,2-5jt,Lulus Terlambat
2.15,1.06,2.73,2.99,1.57,3.02,3.04,90,23.0,Laki-laki,SMA,Ya,Tidak,0,2-5jt,Lulus Terlambat
2.63,1.78,1.44,2.23,1.12,3.94,1.22,148,22.0,Laki-laki,MA,Ya,Tidak,0,>10jt,Lulus Terlambat
3.72,3.28,3.43,2.21,2.18,3.96,3.98,105,28.0,Perempuan,SMK,Tidak,Ya,4,>10jt,Lulus Tepat Waktu
2.87,1.41,2.91,3.65,3.41,3.06,2.22,156,21.0,Laki-laki,MA,Ya,Tidak,5,2-5jt,Lulus Tepat Waktu
1.35,2.61,2.16,3.69,2.02,1.73,1.86,136,26.0,Laki-laki,SMK,Tidak,Tidak,4,5-10jt,Lulus Terlambat
3.82,1.65,3.02,3.73,2.33,3.4,2.67,111,23.0,Laki-laki,SMK,Ya,Tidak,2,>10jt,Lulus Terlambat
2.88,1.04,1.78,1.94,3.03,1.32,1.91,69,28.0,Laki-laki,SMA,Ya,Tidak,2,>10jt,Drop Out
2.0,1.72,2.04,3.07,2.53,3.34,1.26,147,27.0,Perempuan,SMK,Ya,Tidak,0,>10jt,Lulus Tepat Waktu
1.42,3.93,3.75,1.81,3.58,3.73,1.0,133,27.0,Laki-laki,MA,Tidak,Tidak,3,5-10jt,Lulus Terlambat
3.38,3.4,1.87,1.57,3.6,2.15,2.35,100,27.0,Laki-laki,MA,Ya,Ya,0,2-5jt,Lulus Terlambat
2.86,3.88,2.41,1.55,1.03,2.89,3.51,154,20.0,Perempuan,SMK,Tidak,Tidak,0,<2jt,Lulus Tepat Waktu
2.6,2.46,3.67,2.03,3.33,2.29,2.72,136,27.0,Perempuan,SMA,Tidak,Ya,2,>10jt,Lulus Tepat Waktu
3.68,1.33,3.12,2.29,2.38,2.31,4.0,62,23.0,Perempuan,SMK,Tidak,Ya,4,5-10jt,Lulus Terlambat
3.37,2.64,1.19,3.49,3.97,1.93,1.86,118,18.0,Laki-laki,MA,Ya,Tidak,2,2-5jt,Lulus Terlambat
1.46,2.36,1.44,1.36,2.45,3.29,1.84,111,22.0,Perempuan,MA,Ya,Ya,5,2-5jt,Lulus Terlambat
1.94,3.53,1.02,3.2,3.96,3.81,1.48,93,27.0,Perempuan,SMK,Tidak,Ya,2,5-10jt,Drop Out
1.75,1.29,2.89,2.59,3.26,3.82,1.49,108,23.0,Perempuan,SMK,Tidak,Ya,2,>10jt,Lulus Tepat Waktu
3.23,2.46,2.34,1.86,1.75,1.52,1.86,87,28.0,Laki-laki,SMK,Tidak,Tidak,0,<2jt,Lulus Terlambat
1.1,1.45,1.4,2.48,2.62,3.62,3.38,142,25.0,Laki-laki,MA,Tidak,Ya,3,>10jt,Lulus Terlambat
2.71,1.97,3.87,1.9,3.98,3.21,3.72,146,28.0,Laki-laki,MA,Tidak,Ya,0,2-5jt,Lulus Tepat Waktu
3.29,3.21,2.59,2.79,3.57,1.76,3.93,155,26.0,Perempuan,MA,Ya,Ya,1,<2jt,Lulus Tepat Waktu
3.63,2.43,1.73,2.3,1.29,1.2,1.7,72,28.0,Laki-laki,SMA,Ya,Ya,2,>10jt,Drop Out
2.03,2.13,2.5,1.49,3.12,1.8,3.64,156,20.0,Perempuan,MA,Ya,Tidak,2,<2jt,Lulus Terlambat
3.46,2.18,3.04,1.35,2.04,3.74,1.98,157,19.0,Perempuan,MA,Tidak,Tidak,1,5-10jt,Lulus Terlambat
1.33,2.38,1.23,2.64,1.02,2.9,1.34,156,21.0,Perempuan,SMA,Tidak,Ya,2,>10jt,Lulus Tepat Waktu
3.54,3.36,1.82,3.71,2.21,3.16,3.61,128,25.0,Laki-laki,SMA,Ya,Tidak,2,2-5jt,Lulus Tepat Waktu
1.38,3.68,3.42,2.03,1.7,1.77,2.91,126,28.0,Perempuan,SMA,Ya,Tidak,5,2-5jt,Lulus Terlambat
2.19,3.87,2.38,3.2,3.46,3.16,1.49,120,25.0,Perempuan,SMA,Tidak,Ya,2,<2jt,Lulus Terlambat
3.39,3.36,2.64,2.98,2.01,1.08,2.29,119,20.0,Laki-laki,SMA,Tidak,Tidak,1,5-10jt,Lulus Terlambat
1.45,1.95,2.3,3.79,3.48,2.13,1.86,130,21.0,Perempuan,SMA,Tidak,Tidak,0,>10jt,Drop Out
1.69,3.06,1.13,3.46,1.0,2.88,3.21,83,20.0,Perempuan,SMK,Ya,Ya,2,5-10jt,Lulus Terlambat
3.17,2.31,1.5,2.7,1.92,1.44,2.36,122,27.0,Perempuan,SMK,Tidak,Ya,3,5-10jt,Drop Out
3.16,1.76,2.34,2.97,1.72,3.47,3.97,145,19.0,Laki-laki,SMK,Tidak,Tidak,1,<2jt,Lulus Tepat Waktu
2.92,3.52,1.63,3.7,1.7,1.71,1.16,120,21.0,Perempuan,SMK,Tidak,Tidak,4,<2jt,Lulus Terlambat
3.08,1.12,1.15,2.2,1.2,2.96,2.07,82,23.0,Laki-laki,MA,Ya,Tidak,5,>10jt,Lulus Terlambat
2.63,3.71,3.53,1.98,1.56,2.22,2.45,89,28.0,Laki-laki,SMA,Tidak,Tidak,1,2-5jt,Drop Out
1.76,2.38,3.94,1.03,2.67,2.79,2.51,119,28.0,Perempuan,MA,Ya,Ya,0,>10jt,Lulus Terlambat
2.04,2.91,3.38,3.48,1.87,1.32,1.95,77,22.0,Perempuan,SMA,Tidak,Ya,1,5-10jt,Lulus Terlambat
1.54,2.98,3.56,3.4,2.25,1.05,3.19,155,20.0,Perempuan,SMA,Tidak,Ya,4,<2jt,Lulus Tepat Waktu
3.73,3.69,1.73,1.31,2.13,3.73,3.62,115,19.0,Perempuan,MA,Ya,Ya,5,5-10jt,Lulus Terlambat
2.75,2.91,3.88,2.73,3.63,1.81,3.82,112,26.0,Laki-laki,SMK,Tidak,Ya,3,<2jt,Lulus Tepat Waktu
2.2,2.84,1.59,2.39,3.72,3.46,3.42,66,18.0,Laki-laki,MA,Ya,Tidak,4,2-5jt,Drop Out
2.39,1.2,3.85,1.36,2.48,4.0,3.55,156,26.0,Perempuan,MA,Tidak,Tidak,1,5-10jt,Lulus Terlambat
3.84,2.56,3.98,3.94,1.99,1.63,2.65,128,18.0,Laki-laki,SMA,Ya,Ya,4,<2jt,Lulus Tepat Waktu
1.46,1.45,3.14,1.64,1.32,1.8,3.48,151,24.0,Perempuan,SMA,Tidak,Ya,1,>10jt,Lulus Tepat Waktu
2.76,3.21,3.94,1.2,3.86,2.99,1.91,131,23.0,Perempuan,SMA,Ya,Ya,3,>10jt,Lulus Tepat Waktu
2.52,2.54,2.71,2.78,1.18,3.9,2.2,138,24.0,Perempuan,SMK,Ya,Tidak,3,>10jt,Lulus Terlambat
2.83,3.04,1.78,3.22,1.89,3.75,1.95,111,20.0,Perempuan,MA,Tidak,Tidak,0,5-10jt,Drop Out
1.05,1.13,2.31,1.1,1.89,2.51,2.4,63,20.0,Laki-laki,MA,Ya,Tidak,3,<2jt,Drop Out
3.62,1.25,2.78,2.98,1.96,3.39,1.86,93,28.0,Laki-laki,SMK,Tidak,Ya,2,<2jt,Lulus Terlambat
3.8,3.15,1.22,2.6,1.49,1.41,3.88,128,18.0,Perempuan,MA,Ya,Ya,4,<2jt,Lulus Tepat Waktu
2.7,1.22,2.87,1.31,3.35,3.93,1.94,92,21.0,Perempuan,MA,Tidak,Ya,4,5-10jt,Lulus Terlambat
3.09,1.21,3.94,1.52,1.37,3.89,1.29,128,29.0,Laki-laki,SMA,Tidak,Ya,1,<2jt,Lulus Terlambat
3.77,1.04,1.57,2.7,2.9,1.49,2.58,97,19.0,Laki-laki,SMK,Tidak,Ya,3,2-5jt,Drop Out
3.12,3.87,3.38,1.89,1.37,1.9,1.17,157,27.0,Laki-laki,SMA,Tidak,Tidak,0,5-10jt,Lulus Tepat Waktu
1.46,3.21,3.72,3.81,1.21,1.3,1.33,85,25.0,Perempuan,SMK,Ya,Ya,0,2-5jt,Drop Out
2.73,2.06,3.83,3.46,3.73,1.82,1.66,60,20.0,Laki-laki,SMA,Tidak,Tidak,0,2-5jt,Lulus Terlambat
2.82,1.89,3.88,3.95,1.57,3.45,2.39,63,24.0,Perempuan,MA,Tidak,Tidak,5,>10jt,Drop Out
2.27,2.05,2.56,1.78,3.46,2.13,2.3,98,24.0,Perempuan,SMK,Tidak,Tidak,2,5-10jt,Lulus Terlambat
3.21,3.32,3.93,3.91,2.63,1.27,3.4,113,29.0,Laki-laki,SMK,Tidak,Tidak,3,<2jt,Lulus Terlambat
3.8,2.98,3.27,2.29,1.23,2.03,3.22,149,26.0,Perempuan,SMA,Tidak,Tidak,0,2-5jt,Lulus Tepat Waktu
3.78,1.56,1.49,2.04,3.87,3.94,2.28,92,23.0,Laki-laki,SMK,Ya,Ya,2,5-10jt,Lulus Terlambat
2.35,1.52,2.43,1.15,1.74,2.89,2.0,92,18.0,Perempuan,MA,Tidak,Ya,4,<2jt,Drop Out
1.34,1.3,3.15,1.16,3.58,2.25,1.95,131,25.0,Perempuan,MA,Ya,Ya,1,>10jt,Lulus Terlambat
3.95,2.98,1.74,3.08,1.51,1.5,3.32,79,18.0,Perempuan,MA,Ya,Tidak,3,5-10jt,Drop Out
3.52,3.29,2.92,2.37,3.56,3.96,1.16,75,20.0,Perempuan,SMA,Tidak,Tidak,3,5-10jt,Drop Out
1.37,1.8,3.0,1.68,1.04,3.46,1.04,80,28.0,Perempuan,SMK,Tidak,Tidak,5,5-10jt,Drop Out
3.76,1.06,1.49,2.84,2.54,1.84,3.39,104,22.0,Perempuan,SMA,Ya,Tidak,4,<2jt,Lulus Terlambat
3.61,1.25,2.7,1.76,3.31,1.21,2.43,149,25.0,Laki-laki,MA,Ya,Tidak,3,2-5jt,Lulus Tepat Waktu
2.56,3.9,3.31,2.73,3.8,1.17,1.39,146,26.0,Laki-laki,SMK,Ya,Tidak,5,2-5jt,Lulus Tepat Waktu
2.77,1.89,2.5,2.08,3.73,1.36,1.71,141,24.0,Perempuan,MA,Tidak,Ya,5,5-10jt,Lulus Tepat Waktu
2.2,3.31,1.04,3.47,3.46,2.74,3.8,121,26.0,Laki-laki,SMK,Ya,Tidak,5,5-10jt,Lulus Terlambat
1.16,2.87,1.03,3.46,3.66,3.79,3.58,90,28.0,Perempuan,SMK,Ya,Tidak,3,<2jt,Lulus Terlambat
2.01,2.15,2.07,2.43,1.6,2.49,3.13,101,20.0,Laki-laki,SMA,Tidak,Ya,3,>10jt,Lulus Terlambat
3.41,1.62,3.78,2.05,1.85,3.53,2.45,71,22.0,Laki-laki,SMK,Ya,Tidak,3,5-10jt,Lulus Terlambat
1.01,1.36,1.69,2.09,1.87,2.34,2.56,124,27.0,Perempuan,MA,Tidak,Ya,2,5-10jt,Lulus Terlambat
2.0,2.85,2.9,3.42,2.13,3.13,3.93,132,25.0,Laki-laki,SMK,Ya,Ya,5,>10jt,Lulus Tepat Waktu
2.19,3.32,1.67,1.98,2.18,3.2,3.9,62,29.0,Perempuan,MA,Tidak,Ya,2,5-10jt,Drop Out
2.61,2.93,1.97,1.63,2.63,1.52,1.65,149,18.0,Laki-laki,SMA,Ya,Tidak,1,2-5jt,Lulus Terlambat
3.76,2.59,3.54,1.25,1.48,2.08,3.43,68,25.0,Perempuan,MA,Tidak,Ya,3,5-10jt,Lulus Terlambat
2.04,1.13,3.19,2.4,3.07,2.91,1.59,110,24.0,Laki-laki,SMK,Tidak,Ya,4,2-5jt,Lulus Tepat Waktu
2.04,3.91,1.29,2.45,1.5,1.21,1.64,75,18.0,Perempuan,MA,Ya,Tidak,0,<2jt,Drop Out
3.21,3.4,2.29,3.52,1.93,2.08,3.03,147,27.0,Laki-laki,MA,Tidak,Ya,1,<2jt,Lulus Tepat Waktu
2.36,1.88,1.09,1.66,2.51,2.6,2.22,137,29.0,Perempuan,SMK,Ya,Tidak,0,2-5jt,Drop Out
1.67,3.94,2.44,2.14,3.39,3.99,3.79,62,27.0,Laki-laki,MA,Tidak,Tidak,0,2-5jt,Lulus Terlambat
2.36,2.81,2.99,3.43,3.22,2.42,1.27,157,29.0,Perempuan,SMK,Tidak,Ya,3,>10jt,Lulus Terlambat
1.42,2.75,1.36,3.47,2.94,3.45,2.53,156,23.0,Laki-laki,SMA,Tidak,Tidak,4,2-5jt,Lulus Terlambat
1.53,3.24,1.87,2.15,1.47,2.3,3.76,83,18.0,Perempuan,MA,Tidak,Tidak,0,2-5jt,Lulus Terlambat
2.5,3.44,2.19,2.38,2.64,3.39,3.71,132,19.0,Laki-laki,SMA,Tidak,Ya,5,5-10jt,Lulus Tepat Waktu
2.26,2.97,3.76,1.91,1.26,2.79,1.47,72,22.0,Perempuan,MA,Tidak,Ya,0,>10jt,Lulus Terlambat
3.74,1.38,3.98,3.8,2.13,3.66,2.1,61,19.0,Perempuan,MA,Tidak,Ya,1,2-5jt,Drop Out
2.09,2.01,1.13,1.36,2.24,2.23,2.86,130,,Perempuan,SMA,Ya,Ya,4,2-5jt,Drop Out
2.74,3.78,3.28,3.8,1.12,2.81,1.48,80,18.0,Perempuan,MA,Ya,Tidak,4,2-5jt,Lulus Terlambat
2.9,1.67,2.12,3.05,1.82,2.89,3.9,78,23.0,Laki-laki,MA,Tidak,Ya,0,5-10jt,Lulus Terlambat
1.04,2.12,2.18,2.59,3.87,2.25,3.74,148,25.0,Laki-laki,SMA,Tidak,Ya,4,5-10jt,Lulus Tepat Waktu
2.99,2.3,3.26,1.1,3.86,1.43,1.5,106,25.0,Laki-laki,MA,Tidak,Ya,1,5-10jt,Lulus Tepat Waktu
1.53,2.32,3.76,2.43,2.06,1.28,1.36,81,25.0,Perempuan,SMK,Ya,Tidak,1,<2jt,Drop Out
3.88,2.84,3.85,2.22,1.13,1.05,1.26,134,28.0,Perempuan,MA,Tidak,Tidak,1,5-10jt,Lulus Terlambat
1.45,3.83,2.73,1.48,1.54,3.62,3.73,92,23.0,Perempuan,MA,Ya,Tidak,5,2-5jt,Drop Out
2.24,1.72,2.07,2.97,2.18,1.71,1.58,91,28.0,Perempuan,MA,Tidak,Tidak,3,5-10jt,Lulus Terlambat
1.26,1.36,3.36,3.91,3.84,1.63,2.25,123,20.0,Perempuan,SMA,Tidak,Tidak,0,5-10jt,Lulus Terlambat
3.99,1.59,1.75,2.69,1.42,3.21,2.35,144,18.0,Laki-laki,SMK,Tidak,Ya,4,>10jt,Lulus Terlambat
2.51,3.66,2.69,3.14,3.29,1.96,2.8,98,19.0,Laki-laki,SMK,Tidak,Tidak,1,2-5jt,Lulus Terlambat
2.79,2.94,2.08,1.21,1.33,2.52,1.22,143,22.0,Laki-laki,MA,Tidak,Tidak,0,5-10jt,Lulus Tepat Waktu
1.2,1.86,2.97,2.25,3.94,1.49,1.68,131,27.0,Perempuan,SMA,Ya,Tidak,0,<2jt,Lulus Tepat Waktu
3.25,3.45,1.72,1.35,2.14,3.88,3.79,101,22.0,Perempuan,SMA,Tidak,Ya,3,>10jt,Lulus Terlambat
1.63,3.58,1.57,2.84,3.33,3.55,3.73,68,27.0,Perempuan,SMK,Ya,Ya,5,5-10jt,Lulus Terlambat
3.69,3.54,3.75,3.82,2.03,3.59,3.34,84,18.0,Perempuan,SMA,Ya,Tidak,4,>10jt,Lulus Terlambat
1.62,3.76,1.31,2.99,2.88,2.22,1.06,148,18.0,Perempuan,MA,Tidak,Ya,5,>10jt,Lulus Terlambat
1.57,1.76,2.52,1.23,1.58,3.29,1.98,156,26.0,Perempuan,MA,Tidak,Tidak,4,<2jt,Lulus Terlambat
1.11,3.27,1.66,2.06,1.44,1.43,2.88,61,19.0,Perempuan,SMA,Tidak,Ya,1,<2jt,Lulus Terlambat
2.42,2.38,1.12,2.65,3.81,1.03,1.83,78,24.0,Laki-laki,MA,Ya,Ya,1,<2jt,Lulus Terlambat
2.69,3.53,1.11,2.21,3.75,1.06,3.73,79,27.0,Laki-laki,SMK,Ya,Tidak,0,2-5jt,Drop Out
1.2,3.19,1.53,3.5,3.66,2.76,2.9,152,21.0,Perempuan,MA,Ya,Ya,4,>10jt,Lulus Tepat Waktu
3.33,3.33,3.6,3.44,2.88,2.37,1.22,129,24.0,Perempuan,SMA,Tidak,Tidak,4,5-10jt,Lulus Terlambat
2.36,2.97,1.85,2.84,3.42,2.55,3.73,76,25.0,Perempuan,SMK,Ya,Tidak,5,<2jt,Lulus Terlambat
2.57,1.53,3.85,2.12,1.21,1.02,3.87,148,22.0,Laki-laki,MA,Ya,Tidak,1,<2jt,Lulus Tepat Waktu
2.32,2.64,2.74,1.77,2.0,2.27,1.23,127,29.0,Laki-laki,SMK,Ya,Ya,2,>10jt,Lulus Terlambat
2.2,3.95,2.31,1.32,1.94,3.15,2.6,153,29.0,Perempuan,SMA,Tidak,Ya,0,>10jt,Lulus Terlambat
2.68,3.81,2.74,2.06,2.91,2.33,1.91,143,18.0,Laki-laki,MA,Ya,Tidak,4,>10jt,Lulus Terlambat
1.47,1.13,2.55,2.24,2.07,3.2,2.18,62,21.0,Laki-laki,MA,Ya,Tidak,3,5-10jt,Lulus Terlambat
1.55,1.49,3.28,3.03,1.45,1.7,1.54,146,27.0,Laki-laki,SMK,Tidak,Ya,3,2-5jt,Lulus Terlambat
3.59,1.4,1.85,2.97,2.79,3.44,2.73,110,20.0,Perempuan,MA,Tidak,Tidak,2,2-5jt,Lulus Terlambat
3.84,3.18,2.06,1.21,3.44,2.77,3.87,141,27.0,Laki-laki,MA,Tidak,Ya,1,<2jt,Lulus Terlambat
2.12,3.45,3.68,2.19,2.15,1.63,2.51,85,29.0,Laki-laki,MA,Ya,Ya,1,2-5jt,Lulus Tepat Waktu
1.81,1.64,3.84,1.55,1.4,1.71,1.25,115,22.0,Perempuan,MA,Ya,Ya,1,5-10jt,Lulus Terlambat
2.93,2.52,3.68,1.47,1.59,2.88,2.86,159,27.0,Perempuan,SMA,Ya,Tidak,5,2-5jt,Lulus Terlambat
2.23,3.52,2.26,3.48,1.71,3.49,2.02,123,27.0,Laki-laki,MA,Tidak,Tidak,3,5-10jt,Lulus Terlambat
1.08,3.2,3.34,1.13,1.9,2.25,3.57,67,23.0,Perempuan,SMK,Ya,Ya,1,<2jt,Lulus Terlambat
1.47,2.63,2.43,2.26,2.93,1.77,2.3,140,19.0,Laki-laki,SMA,Tidak,Tidak,3,>10jt,Lulus Tepat Waktu
3.15,2.77,2.49,1.5,2.8,3.6,1.58,154,24.0,Laki-laki,SMK,Tidak,Tidak,2,5-10jt,Lulus Terlambat
2.98,2.53,1.61,3.64,3.09,3.01,1.57,96,20.0,Perempuan,SMK,Ya,Ya,0,>10jt,Lulus Terlambat
1.08,1.89,2.77,2.67,2.09,2.34,3.31,156,18.0,Perempuan,SMK,Ya,Ya,5,<2jt,Lulus Terlambat
1.67,2.7,1.56,1.69,3.47,2.46,1.8,86,27.0,Laki-laki,SMA,Ya,Tidak,4,5-10jt,Drop Out
1.69,3.07,1.99,2.51,1.61,1.61,3.3,104,20.0,Perempuan,SMA,Tidak,Ya,2,5-10jt,Lulus Terlambat
3.02,3.62,3.57,3.19,2.41,2.88,1.62,63,26.0,Perempuan,SMA,Tidak,Tidak,3,2-5jt,Drop Out
1.06,2.91,1.62,3.87,3.4,2.08,1.97,145,27.0,Laki-laki,MA,Ya,Ya,2,5-10jt,Lulus Terlambat
1.31,3.28,1.21,1.66,1.54,3.99,2.4,149,28.0,Laki-laki,SMK,Tidak,Ya,4,<2jt,Lulus Terlambat
3.4,1.48,1.21,3.66,1.33,2.44,3.83,155,28.0,Laki-laki,SMA,Ya,Tidak,5,>10jt,Lulus Terlambat
1.54,2.38,3.82,3.8,3.65,2.46,3.8,147,23.0,Laki-laki,SMK,Ya,Tidak,0,5-10jt,Lulus Tepat Waktu
2.96,1.03,2.52,3.75,2.03,2.7,1.62,158,28.0,Laki-laki,SMA,Ya,Tidak,4,<2jt,Lulus Terlambat
1.71,1.74,2.23,2.91,3.05,3.75,2.07,96,23.0,Laki-laki,SMA,Tidak,Tidak,5,<2jt,Lulus Terlambat
1.3,3.18,3.43,2.89,1.08,3.4,1.45,155,21.0,Perempuan,SMA,Tidak,Tidak,3,5-10jt,Lulus Terlambat
1.73,3.98,3.51,2.21,3.07,2.35,2.53,130,25.0,Perempuan,SMK,Ya,Ya,4,2-5jt,Lulus Tepat Waktu
3.17,1.3,2.0,3.26,1.95,3.16,2.38,92,22.0,Laki-laki,MA,Ya,Ya,2,5-10jt,Lulus Terlambat
3.57,2.2,3.08,2.59,1.17,2.76,3.7,90,24.0,Perempuan,SMA,Tidak,Tidak,1,5-10jt,Lulus Terlambat
3.49,3.4,,3.03,2.83,2.48,3.79,114,26.0,Perempuan,SMA,Ya,Ya,2,2-5jt,Lulus Tepat Waktu
2.19,1.61,2.96,2.29,1.72,1.58,2.15,71,22.0,Laki-laki,SMA,Tidak,Tidak,3,<2jt,Lulus Terlambat
3.0,2.67,1.45,3.19,2.16,2.39,2.48,70,28.0,Perempuan,MA,Ya,Ya,0,5-10jt,Lulus Tepat Waktu
1.61,3.2,3.63,3.47,1.24,1.74,3.69,147,22.0,Perempuan,SMK,Tidak,Ya,4,2-5jt,Lulus Terlambat
1.88,2.85,2.62,1.44,1.44,3.74,3.42,131,21.0,Laki-laki,SMK,Ya,Tidak,0,>10jt,Lulus Terlambat
3.69,1.56,1.85,3.5,1.89,2.01,1.01,91,23.0,Perempuan,SMK,Tidak,Tidak,3,>10jt,Drop Out
1.04,2.07,2.28,2.62,1.27,3.86,1.96,116,19.0,Perempuan,SMK,Ya,Tidak,4,2-5jt,Lulus Terlambat
1.26,3.35,1.11,3.53,3.73,2.6,2.27,97,20.0,Laki-laki,SMA,Tidak,Ya,5,<2jt,Lulus Tepat Waktu
1.62,2.66,1.38,2.29,1.02,2.89,1.69,119,18.0,Perempuan,MA,Tidak,Tidak,5,2-5jt,Lulus Terlambat
1.08,1.02,3.3,2.14,2.45,2.63,1.6,145,19.0,Perempuan,SMA,Tidak,Tidak,2,<2jt,Drop Out
1.54,3.28,1.0,3.75,1.37,1.39,1.11,157,19.0,Perempuan,MA,Tidak,Tidak,2,>10jt,Drop Out
2.75,1.11,2.25,1.75,1.92,2.13,2.93,78,25.0,Laki-laki,SMK,Ya,Tidak,3,5-10jt,Lulus Terlambat
2.26,3.24,2.57,3.53,3.78,1.3,1.79,143,25.0,Laki-laki,MA,Tidak,Tidak,5,2-5jt,Drop Out
3.68,1.61,1.16,2.45,1.49,2.87,1.16,115,19.0,Perempuan,SMA,Tidak,Tidak,4,>10jt,Drop Out
3.45,3.87,3.92,2.54,3.9,2.34,1.69,73,23.0,Perempuan,SMA,Ya,Ya,5,5-10jt,Lulus Terlambat
2.03,2.1,1.68,1.93,1.62,3.33,3.41,92,22.0,Laki-laki,SMK,Tidak,Ya,2,>10jt,Lulus Terlambat
1.78,1.98,1.91,2.72,3.22,1.66,3.55,69,20.0,Laki-laki,SMA,Ya,Ya,3,2-5jt,Lulus Terlambat
2.14,1.45,1.91,1.98,2.64,1.49,2.45,139,22.0,Perempuan,SMA,Tidak,Ya,5,2-5jt,Drop Out
2.77,1.92,1.69,1.12,3.65,2.22,2.25,123,22.0,Laki-laki,MA,Tidak,Tidak,3,5-10jt,Drop Out
1.8,3.63,1.0,1.82,2.66,3.78,3.93,123,22.0,Perempuan,SMA,Tidak,Tidak,5,2-5jt,Drop Out
2.87,3.99,3.19,1.02,2.6,3.13,1.6,121,20.0,Perempuan,SMK,Tidak,Ya,0,>10jt,Lulus Terlambat
2.23,2.1,3.9,3.94,1.59,2.26,1.65,127,20.0,Laki-laki,SMK,Tidak,Ya,5,5-10jt,Lulus Terlambat
2.66,2.35,1.67,3.9,1.5,2.55,1.88,150,21.0,Laki-laki,SMA,Tidak,Ya,2,5-10jt,Lulus Terlambat
2.31,3.17,2.99,2.19,3.75,1.25,1.52,151,24.0,Perempuan,SMK,Ya,Tidak,4,>10jt,Lulus Tepat Waktu
1.88,3.66,3.23,3.19,1.98,3.95,2.14,102,29.0,Perempuan,MA,Ya,Tidak,2,<2jt,Lulus Terlambat
3.85,2.78,3.55,2.04,2.12,3.0,3.73,139,29.0,Laki-laki,MA,Tidak,Tidak,2,5-10jt,Lulus Terlambat
3.29,2.17,2.27,3.01,3.28,1.86,2.85,118,29.0,Perempuan,SMA,Tidak,Ya,2,<2jt,Lulus Terlambat
1.42,2.24,1.91,3.42,2.02,2.76,2.24,111,19.0,Laki-laki,SMA,Ya,Ya,3,>10jt,Lulus Tepat Waktu
3.61,3.09,1.98,3.84,3.86,1.33,3.8,156,27.0,Laki-laki,MA,Ya,Ya,1,>10jt,Lulus Tepat Waktu
2.46,1.01,3.14,2.2,3.21,3.9,1.15,78,21.0,Laki-laki,SMK,Tidak,Ya,1,5-10jt,Lulus Terlambat
3.68,2.86,3.45,3.35,2.79,1.52,1.63,80,21.0,Laki-laki,SMA,Tidak,Ya,0,2-5jt,Drop Out
3.4,2.07,1.54,1.8,3.64,2.94,2.7,81,18.0,Laki-laki,SMA,Tidak,Tidak,2,5-10jt,Drop Out
2.28,3.38,2.11,3.97,1.15,1.74,2.85,68,27.0,Perempuan,SMK,Tidak,Tidak,1,2-5jt,Lulus Terlambat
1.07,1.28,3.71,1.08,1.77,3.15,1.12,68,25.0,Laki-laki,SMA,Tidak,Tidak,0,<2jt,Drop Out
1.81,2.76,3.42,2.81,2.4,3.33,2.21,132,18.0,Laki-laki,SMK,Tidak,Tidak,3,2-5jt,Lulus Tepat Waktu
2.62,2.44,3.95,2.98,1.68,3.02,2.95,86,25.0,Laki-laki,SMK,Ya,Tidak,2,5-10jt,Drop Out
2.9,2.93,3.26,3.06,3.23,2.84,3.09,76,24.0,Laki-laki,SMK,Tidak,Ya,4,2-5jt,Lulus Terlambat
1.77,1.19,2.18,1.36,3.76,3.68,2.91,103,26.0,Laki-laki,SMK,Tidak,Tidak,3,>10jt,Lulus Terlambat
1.42,2.74,2.77,3.82,2.27,1.24,1.96,104,25.0,Laki-laki,SMK,Ya,Ya,0,<2jt,Lulus Terlambat
3.5,2.68,2.98,1.54,2.03,1.99,1.28,67,,Laki-laki,MA,Ya,Tidak,3,>10jt,Drop Out
3.95,2.68,1.24,2.87,3.88,1.74,2.28,139,25.0,Perempuan,SMK,Ya,Ya,4,>10jt,Lulus Tepat Waktu
2.58,2.81,2.63,1.67,2.33,3.96,1.39,77,28.0,Perempuan,MA,Ya,Ya,3,>10jt,Lulus Terlambat
1.52,3.03,3.13,1.92,2.47,2.17,3.84,92,27.0,Perempuan,SMK,Tidak,Ya,0,>10jt,Lulus Terlambat
1.82,3.41,1.5,2.64,2.05,3.2,2.43,60,29.0,Perempuan,SMA,Ya,Ya,4,2-5jt,Lulus Terlambat
1.06,1.81,3.34,2.25,3.73,3.05,1.95,135,29.0,Laki-laki,MA,Ya,Ya,4,>10jt,Lulus Terlambat
3.74,3.48,2.75,1.48,2.71,1.64,3.3,65,20.0,Perempuan,SMA,Tidak,Ya,3,2-5jt,Drop Out
1.35,2.49,3.86,1.51,3.29,1.72,2.49,100,27.0,Laki-laki,SMK,Ya,Tidak,4,>10jt,Lulus Terlambat
2.73,1.23,1.13,2.25,3.44,1.84,1.93,114,24.0,Perempuan,SMK,Ya,Ya,3,5-10jt,Lulus Terlambat
1.82,1.18,1.8,3.27,2.03,2.23,3.44,64,29.0,Perempuan,SMA,Tidak,Ya,2,>10jt,Lulus Terlambat
2.66,2.0,2.8,3.69,2.3,1.7,3.6,118,21.0,Laki-laki,SMK,Tidak,Tidak,4,5-10jt,Lulus Terlambat
2.95,3.35,1.89,1.25,3.55,1.06,3.02,139,22.0,Laki-laki,SMA,Tidak,Ya,3,2-5jt,Lulus Terlambat
3.49,3.12,3.14,2.18,2.09,3.64,1.14,77,26.0,Perempuan,SMK,Tidak,Tidak,2,<2jt,Lulus Terlambat
1.62,3.37,3.28,1.3,3.38,3.9,2.7,108,24.0,Perempuan,SMK,Tidak,Tidak,4,2-5jt,Drop Out
1.03,2.55,1.31,1.05,3.82,2.02,3.29,141,21.0,Perempuan,MA,Tidak,Ya,2,<2jt,Lulus Terlambat
1.41,2.32,2.54,2.99,2.87,2.02,1.41,124,23.0,Perempuan,SMA,Tidak,Ya,5,<2jt,Lulus Terlambat
3.7,1.44,2.53,2.81,3.22,1.02,1.69,142,27.0,Laki-laki,SMK,Ya,Tidak,4,>10jt,Lulus Terlambat
3.62,1.98,2.11,1.49,3.42,3.04,3.65,113,28.0,Perempuan,SMA,Ya,Ya,5,<2jt,Lulus Terlambat
2.79,2.3,3.8,1.7,3.54,3.48,1.06,120,24.0,Perempuan,MA,Tidak,Tidak,0,2-5jt,Lulus Terlambat
2.8,1.27,3.48,1.07,2.19,1.44,3.26,67,27.0,Perempuan,SMA,Ya,Ya,0,>10jt,Drop Out
3.0,1.66,3.09,3.5,1.15,1.48,2.42,62,26.0,Perempuan,MA,Tidak,Tidak,3,<2jt,Drop Out
1.53,2.79,3.14,3.92,2.21,3.37,2.34,84,21.0,Perempuan,SMA,Ya,Ya,1,2-5jt,Lulus Terlambat
3.74,3.21,2.39,1.41,3.02,2.85,1.02,128,27.0,Laki-laki,SMA,Tidak,Ya,5,<2jt,Lulus Terlambat
2.26,4.0,3.76,1.69,2.35,1.13,3.46,114,20.0,Laki-laki,MA,Ya,Tidak,5,<2jt,Lulus Terlambat
2.15,3.8,3.08,3.61,3.25,2.87,2.08,99,25.0,Laki-laki,SMK,Tidak,Tidak,0,>10jt,Lulus Terlambat
2.56,2.93,3.19,3.78,2.07,1.93,2.62,142,18.0,Laki-laki,SMK,Ya,Tidak,5,>10jt,Lulus Terlambat
1.14,2.26,3.59,2.26,2.9,2.11,3.03,141,26.0,Laki-laki,SMK,Tidak,Tidak,1,2-5jt,Lulus Terlambat
1.5,2.91,1.82,1.15,1.56,3.31,3.11,109,18.0,Perempuan,SMA,Ya,Ya,2,,Lulus Terlambat
3.21,3.36,3.42,1.12,3.25,3.43,3.87,154,19.0,Laki-laki,SMA,Ya,Tidak,2,>10jt,Lulus Tepat Waktu
1.25,1.36,1.59,2.72,2.64,2.2,2.59,92,25.0,Laki-laki,SMK,Tidak,Tidak,1,5-10jt,Drop Out
2.81,2.23,2.04,2.18,1.61,3.84,2.2,77,26.0,Perempuan,SMA,Ya,Ya,5,5-10jt,Drop Out
1.74,3.52,2.01,1.09,1.88,2.22,3.86,116,24.0,Laki-laki,SMA,Ya,Ya,5,2-5jt,Lulus Terlambat
2.17,2.15,3.94,2.75,3.25,3.32,2.93,75,20.0,Laki-laki,SMK,Ya,Tidak,5,>10jt,Lulus Terlambat
1.87,2.72,3.57,1.03,2.45,2.45,1.89,139,24.0,Laki-laki,MA,Ya,Ya,3,2-5jt,Lulus Tepat Waktu
2.07,2.76,3.1,3.36,1.65,3.69,1.38,97,23.0,Laki-laki,SMA,Ya,Tidak,4,5-10jt,Lulus Terlambat
3.16,1.55,3.18,1.92,3.9,3.72,3.53,100,19.0,Perempuan,SMA,Tidak,Ya,1,5-10jt,Lulus Terlambat
1.89,2.09,2.69,1.12,3.15,1.26,2.09,66,20.0,Perempuan,SMA,Tidak,Tidak,1,5-10jt,Drop Out
2.7,2.0,3.84,2.77,3.87,3.81,2.98,137,28.0,Laki-laki,SMA,Ya,Ya,1,2-5jt,Lulus Tepat Waktu
2.43,1.08,2.49,2.19,2.28,3.48,2.41,112,29.0,Perempuan,MA,Tidak,Tidak,1,>10jt,Drop Out
2.99,1.07,2.14,3.92,2.43,3.37,1.6,122,27.0,Laki-laki,SMK,Ya,Tidak,1,<2jt,Lulus Terlambat
3.81,3.5,1.49,2.63,3.69,1.6,2.81,148,27.0,Perempuan,SMA,Tidak,Ya,5,>10jt,Lulus Tepat Waktu
3.2,1.82,3.36,1.83,2.58,3.42,1.18,91,29.0,Perempuan,SMK,Ya,Ya,3,2-5jt,Lulus Tepat Waktu
1.64,2.55,3.2,3.13,3.12,3.55,2.24,97,22.0,Perempuan,SMA,Ya,Tidak,0,5-10jt,Lulus Tepat Waktu
1.09,1.9,2.15,1.81,1.76,1.87,2.64,81,27.0,Perempuan,MA,Ya,Tidak,5,<2jt,Drop Out
1.79,3.82,1.08,3.71,2.34,3.86,2.31,75,21.0,Perempuan,SMK,Ya,Ya,5,2-5jt,Lulus Terlambat
2.79,1.78,3.52,2.12,1.37,1.15,3.25,111,19.0,Perempuan,MA,Tidak,Ya,4,5-10jt,Lulus Tepat Waktu
1.15,2.29,1.03,2.65,1.62,1.45,3.48,88,21.0,Perempuan,SMA,Tidak,Ya,0,2-5jt,Lulus Terlambat
2.49,3.62,3.11,1.15,1.0,2.61,3.31,75,29.0,Perempuan,MA,Tidak,Ya,1,<2jt,Lulus Terlambat
2.79,3.53,3.91,2.28,1.12,2.73,1.12,135,25.0,Perempuan,MA,Ya,Ya,0,5-10jt,Lulus Terlambat
2.0,1.56,2.31,3.5,3.93,2.94,1.58,76,22.0,Perempuan,SMA,Tidak,Ya,3,>10jt,Drop Out
3.31,3.41,1.7,3.42,1.73,1.05,2.61,123,22.0,Perempuan,SMA,Tidak,Ya,2,2-5jt,Lulus Terlambat
1.32,2.37,3.11,1.67,2.99,3.88,3.8,150,29.0,Laki-laki,SMK,Ya,Ya,5,<2jt,Lulus Tepat Waktu
1.23,2.45,3.45,1.68,3.52,1.13,3.5,148,29.0,Perempuan,SMA,Ya,Ya,0,>10jt,Lulus Tepat Waktu
3.18,1.4,2.64,3.45,2.65,1.43,3.53,72,27.0,Laki-laki,SMK,Ya,Tidak,4,<2jt,Lulus Terlambat
2.49,1.24,3.9,3.79,1.46,1.04,1.91,131,20.0,Perempuan,MA,Tidak,Ya,3,2-5jt,Lulus Tepat Waktu
3.07,3.18,1.16,1.29,3.18,2.7,2.29,115,25.0,Laki-laki,MA,Tidak,Ya,2,<2jt,Lulus Tepat Waktu
2.3,2.49,2.51,2.35,2.8,3.8,2.41,64,23.0,Laki-laki,SMK,Ya,Tidak,3,5-10jt,Drop Out
1.74,2.31,3.16,2.01,3.19,3.0,1.47,71,19.0,Laki-laki,SMA,Tidak,Tidak,1,<2jt,Lulus Terlambat
3.46,3.19,3.59,3.61,3.31,3.47,1.09,100,19.0,Perempuan,SMA,Ya,Tidak,2,2-5jt,Lulus Tepat Waktu
3.4,3.3,1.54,1.25,3.93,1.04,3.84,62,26.0,Perempuan,MA,Tidak,Tidak,4,5-10jt,Lulus Terlambat
3.08,1.48,3.4,1.63,2.72,2.63,1.72,158,24.0,Perempuan,SMK,Ya,Tidak,2,<2jt,Lulus Terlambat
1.82,2.83,2.66,3.26,2.02,2.38,1.72,92,27.0,Perempuan,MA,Tidak,Tidak,4,<2jt,Drop Out
2.77,1.41,2.19,1.15,2.95,2.5,1.25,145,26.0,Laki-laki,MA,Tidak,Ya,1,5-10jt,Lulus Tepat Waktu
2.08,3.25,1.4,2.48,1.21,1.22,3.79,109,23.0,Perempuan,SMA,Tidak,Tidak,4,>10jt,Drop Out
1.27,2.97,3.6,2.33,3.69,3.05,2.74,115,22.0,Perempuan,SMK,Ya,Tidak,3,>10jt,Drop Out
3.75,3.87,1.47,2.0,1.36,2.51,3.0,68,29.0,Perempuan,MA,Ya,Tidak,0,5-10jt,Lulus Terlambat
1.41,1.21,1.93,2.18,1.98,3.3,3.73,141,18.0,Perempuan,SMA,Ya,Ya,3,<2jt,Lulus Terlambat
3.85,1.17,1.87,2.59,3.45,2.46,2.04,109,29.0,Perempuan,MA,Tidak,Tidak,5,>10jt,Drop Out
2.34,1.85,3.61,1.48,2.79,1.45,2.86,88,,Perempuan,MA,Ya,Ya,3,5-10jt,Lulus Tepat Waktu
